,Player,Team,Pos,PassYds,PassTDs,Ints,RushYds,RushTDs,FumLost,G,Rec,RecYds,RecTDs,Opp,Week,TeamRec/G,TeamPassYds/G,TeamPassTDs/G,TeamInts/G,TeamRushTDs/G,TeamRushYds/G,% of TeamPassYds,% of TeamPassTDs,% of TeamInts,% of TeamRushYds,% of TeamRushTDs,% of TeamRec,% of TeamRecYds,% of TeamRecTDs,RecAllowed/G,PassYdsAllowed/G,PassTDsAllowed/G,IntsCaused/G,RushTDsAllowed/G,RushYdsAllowed/G,DI PassYds,DI PassTDs,DI Ints,DI RushYds,DI RushTDs,DI Rec,DI RecYds,DI RecTDs,HPPR Average Performance,HPPR Defense Ceiling,HPPR Opportunity Differential,PPR Average Performance,PPR Defense Ceiling,PPR Opportunity Differential
0,Terry McLaurin,WAS,WR,0,0,0,0,0,0,2,12,93,0.5,CLE,3,18,200.5,1,0,1.5,98.5,0,0,0,0,0,0.666666666666667,0.463840399002494,0.5,29,300,3,0,1,89.5,0,0,0,0,0,19.3333333333333,139.152119700748,1.5,18.3,32.5818786367415,14.2818786367415,24.3,42.2485453034082,17.9485453034082
1,Miles Sanders,PHI,RB,0,0,0,95,1,1,1,3,36,0,CIN,3,25,256,1,2,1,89,0,0,0,1.06741573033708,1,0.12,0.140625,0,16,213.5,1,0.5,2,185,0,0,0,197.47191011236,2,1.92,30.0234375,0,18.6,35.709534761236,17.109534761236,20.1,36.669534761236,16.569534761236
2,Adam Thielen,MIN,WR,0,0,0,0,0,0,2,9,70.5,1,TEN,3,15,186,1,2,1.5,107,0,0,0,0,0,0.6,0.379032258064516,1,26,277.5,2,1,1,136,0,0,0,0,0,15.6,105.181451612903,2,17.55,30.3181451612903,12.7681451612903,22.05,38.1181451612903,16.0681451612903
3,Joe Burrow,CIN,QB,254.5,1.5,1,32.5,0.5,1,2,0,0,0,PHI,3,30,254.5,1.5,0.5,0.5,95,1,1,2,0.342105263157895,1,0,0,0,18.5,222.5,2,0,2,135.5,222.5,2,0,46.3552631578947,2,0,0,0,19.43,33.5355263157895,14.1055263157895,19.43,33.5355263157895,14.1055263157895
4,Justin Herbert,LAC,QB,311,1,1,18,1,0,1,0,0,0,CAR,3,19,259.5,0.5,0.5,1,169,1.19845857418112,2,2,0.106508875739645,1,0,0,0,22.5,228,1,0.5,3,127.5,273.248554913295,2,1,13.5798816568047,3,0,0,0,23.24,37.2879303622123,14.0479303622123,23.24,37.2879303622123,14.0479303622123
5,Dwayne Haskins,WAS,QB,200.5,1,0,12.5,0,1,2,0,0,0,CLE,3,18,200.5,1,0,1.5,98.5,1,1,0,0.126903553299492,0,0,0,0,29,300,3,0,1,89.5,300,3,0,11.3578680203046,0,0,0,0,11.27,25.1357868020305,13.8657868020305,11.27,25.1357868020305,13.8657868020305
6,Logan Thomas,WAS,TE,0,0,0,0,0,0,2,8,31.5,0.5,CLE,3,18,200.5,1,0,1.5,98.5,0,0,0,0,0,0.444444444444444,0.157107231920199,0.5,29,300,3,0,1,89.5,0,0,0,0,0,12.8888888888889,47.1321695760599,1.5,10.15,20.1576614020504,10.0076614020504,14.15,26.6021058464949,12.4521058464949
7,Kirk Cousins,MIN,QB,186,1,4,17,0,0,2,0,0,0,TEN,3,15,186,1,2,1.5,107,1,1,2,0.158878504672897,0,0,0,0,26,277.5,2,1,1,136,277.5,2,2,21.607476635514,0,0,0,0,9.14,19.2607476635514,10.1207476635514,9.14,19.2607476635514,10.1207476635514
8,Allen Robinson II,CHI,WR,0,0,0,-0.5,0,0,2,8,53.5,0,ATL,3,19,216,2.5,1,0,142,0,0,0,-0.003521126760563,0,0.421052631578947,0.247685185185185,0,32.5,386,2.5,0,2.5,104.5,0,0,0,-0.367957746478873,0,13.6842105263158,95.6064814814815,0,9.3,16.3659576366582,7.06595763665816,13.3,23.208062899816,9.90806289981605
9,Ryan Fitzpatrick,MIA,QB,259.5,1,3,15,0,0,2,0,0,0,JAC,3,25.5,259.5,1,1.5,1,93,1,1,2,0.161290322580645,0,0,0,0,27,301,2.5,1,0.5,105.5,301,2.5,2,17.0161290322581,0,0,0,0,12.88,21.7416129032258,8.86161290322581,12.88,21.7416129032258,8.86161290322581
10,Mitchell Trubisky,CHI,QB,216,2.5,2,21,0,0,2,0,0,0,ATL,3,19,216,2.5,1,0,142,1,1,2,0.147887323943662,0,0,0,0,32.5,386,2.5,0,2.5,104.5,386,2.5,0,15.4542253521127,0,0,0,0,18.74,26.9854225352113,8.24542253521126,18.74,26.9854225352113,8.24542253521126
11,Steven Sims,WAS,WR,0,0,0,0,0,1,2,6,51.5,0,CLE,3,18,200.5,1,0,1.5,98.5,0,0,0,0,0,0.333333333333333,0.256857855361596,0,29,300,3,0,1,89.5,0,0,0,0,0,9.66666666666667,77.0573566084788,0,6.15,12.5390689941812,6.38906899418121,9.15,17.3724023275145,8.22240232751455
12,James Robinson,JAC,RB,0,0,0,82,0.5,0,2,4,23,0,MIA,3,24.5,256,3,1,0.5,128,0,0,0,0.640625,1,0.163265306122449,0.08984375,0,19.5,286,2,0,1.5,164,0,0,0,105.0625,1.5,3.18367346938775,25.6953125,0,15.5,23.6676179846939,8.16761798469388,17.5,25.2594547193878,7.75945471938776
13,Darnell Mooney,CHI,WR,0,0,0,0,0,0,2,6,37,0.5,ATL,3,19,216,2.5,1,0,142,0,0,0,0,0,0.31578947368421,0.171296296296296,0.2,32.5,386,2.5,0,2.5,104.5,0,0,0,0,0,10.2631578947368,66.1203703703704,0.5,9.7,14.7436159844055,5.04361598440546,12.7,19.8751949317739,7.17519493177388
14,Melvin Gordon III,DEN,RB,0,0,0,74,0.5,1,2,5,11,0.5,TB,3,20.5,246,1.5,0.5,0.5,105.5,0,0,0,0.701421800947867,1,0.24390243902439,0.044715447154472,0.333333333333333,26,282.5,1,1,1.5,84.5,0,0,0,59.2701421800948,1.5,6.34146341463415,12.6321138211382,0.333333333333333,15,21.3609573074404,6.36095730744037,17.5,24.5316890147574,7.03168901475744
15,Carson Wentz,PHI,QB,256,1,4,4.5,0.5,1,2,0,0,0,CIN,3,25,256,1,2,1,89,1,1,2,0.050561797752809,0.5,0,0,0,16,213.5,1,0.5,2,185,213.5,1,1,9.35393258426966,1,0,0,0,11.69,18.475393258427,6.78539325842697,11.69,18.475393258427,6.78539325842697
16,Mike Gesicki,MIA,TE,0,0,0,0,0,0,2,11,80,0.5,JAC,3,25.5,259.5,1,1.5,1,93,0,0,0,0,0,0.431372549019608,0.308285163776493,0.5,27,301,2.5,1,0.5,105.5,0,0,0,0,0,11.6470588235294,92.7938342967245,1.25,16.5,22.6029128414372,6.10291284143715,22,28.4264422532019,6.42644225320186
17,Tom Brady,TB,QB,228,1.5,3,4.5,0.5,1,2,0,0,0,DEN,3,23,228,1.5,1.5,2,104,1,1,2,0.043269230769231,0.25,0,0,0,29,280,2,0.5,0.5,119.5,280,2,1,5.17067307692308,0.125,0,0,0,13.57,19.4670673076923,5.89706730769231,13.57,19.4670673076923,5.89706730769231
18,Anthony Miller,CHI,WR,0,0,0,0,0,0,2,4,38,0.5,ATL,3,19,216,2.5,1,0,142,0,0,0,0,0,0.210526315789474,0.175925925925926,0.2,32.5,386,2.5,0,2.5,104.5,0,0,0,0,0,6.8421052631579,67.9074074074074,0.5,8.8,13.2117933723197,4.41179337231969,10.8,16.6328460038986,5.83284600389863
19,DeVante Parker,MIA,WR,0,0,0,0,0,0,2,9,50,0.5,JAC,3,25.5,259.5,1,1.5,1,93,0,0,0,0,0,0.352941176470588,0.192678227360308,0.5,27,301,2.5,1,0.5,105.5,0,0,0,0,0,9.52941176470588,57.9961464354528,1.25,12.5,18.0643205258982,5.56432052589822,17,22.8290264082512,5.82902640825116
20,Dalton Schultz,DAL,TE,0,0,0,0,0,1,2,10,49.5,0.5,SEA,3,29.5,358,1,0,2.5,130.5,0,0,0,0,0,0.338983050847458,0.138268156424581,0.5,33.5,423.5,1.5,1,1.5,69.5,0,0,0,0,0,11.3559322033898,58.5565642458101,0.75,10.95,16.0336225262759,5.08362252627592,15.95,21.7115886279708,5.76158862797084
21,Daniel Jones,NYG,QB,260,1,3,21.5,0,1,2,0,0,0,SF,3,25.5,260,1,1.5,0.5,52,1,1,2,0.413461538461538,0,0,0,0,23.5,204.5,1,0.5,1,142,204.5,1,1,58.7115384615385,0,0,0,0,11.55,17.0511538461538,5.50115384615384,11.55,17.0511538461538,5.50115384615384
22,James Conner,PIT,RB,0,0,0,57.5,0.5,0,2,4,11.5,0,HOU,3,25,270,2.5,0.5,0.5,125,0,0,0,0.46,1,0.16,0.042592592592593,0,21,207.5,2,0,1,198,0,0,0,91.08,1,3.36,8.83796296296296,0,11.9,17.6717962962963,5.7717962962963,13.9,19.3517962962963,5.4517962962963
23,Justin Jefferson,MIN,WR,0,0,0,0,0,0,2,5,35,0,TEN,3,15,186,1,2,1.5,107,0,0,0,0,0,0.333333333333333,0.188172043010753,0,26,277.5,2,1,1,136,0,0,0,0,0,8.66666666666667,52.2177419354839,0,6,9.55510752688172,3.55510752688172,8.5,13.8884408602151,5.38844086021505
24,Alexander Mattison,MIN,RB,0,0,0,31.5,0,0,2,5,16.5,0,TEN,3,15,186,1,2,1.5,107,0,0,0,0.294392523364486,0,0.333333333333333,0.088709677419355,0,26,277.5,2,1,1,136,0,0,0,40.0373831775701,0,8.66666666666667,24.616935483871,0,7.3,10.7987651994774,3.49876519947744,9.8,15.1320985328108,5.33209853281077
25,Benny Snell Jr.,PIT,RB,0,0,0,59,0,1,2,1,-2,0,HOU,3,25,270,2.5,0.5,0.5,125,0,0,0,0.472,0,0.04,-0.007407407407407,0,21,207.5,2,0,1,198,0,0,0,93.456,0,0.84,-1.53703703703704,0,4.2,9.6118962962963,5.4118962962963,4.7,10.0318962962963,5.3318962962963
26,Mike Evans,TB,WR,0,0,0,0,0,0,2,8,53,1,DEN,3,23,228,1.5,1.5,2,104,0,0,0,0,0,0.347826086956522,0.232456140350877,0.666666666666667,29,280,2,0.5,0.5,119.5,0,0,0,0,0,10.0869565217391,65.0877192982456,1.33333333333333,15.3,19.5522501906941,4.25225019069413,19.3,24.5957284515637,5.29572845156369
27,Olabisi Johnson,MIN,WR,0,0,0,0,0,0,2,4,40,0,TEN,3,15,186,1,2,1.5,107,0,0,0,0,0,0.266666666666667,0.21505376344086,0,26,277.5,2,1,1,136,0,0,0,0,0,6.93333333333333,59.6774193548387,0,6,9.43440860215054,3.43440860215054,8,12.9010752688172,4.90107526881721
28,Philip Rivers,IND,QB,288.5,1,3,3,0,0,2,0,0,0,NYJ,3,27.5,288.5,1,1.5,1,119.5,1,1,2,0.02510460251046,0,0,0,0,27.5,257,2,0.5,1.5,140,257,2,1,3.51464435146443,0,0,0,0,12.84,17.6314644351464,4.79146443514644,12.84,17.6314644351464,4.79146443514644
29,Jarvis Landry,CLE,WR,0,0,0,0,0,0,2,8,53.5,0,WAS,3,18.5,204,1.5,1,1.5,176.5,0,0,0,0,0,0.432432432432432,0.262254901960784,0,25,278,1.5,1.5,1,108.5,0,0,0,0,0,10.8108108108108,72.906862745098,0,9.35,12.6960916799152,3.34609167991521,13.35,18.1014970853206,4.75149708532062
30,Joshua Kelley,LAC,RB,0,0,0,62,0.5,0,2,2,24.5,0,CAR,3,19,259.5,0.5,0.5,1,169,0,0,0,0.366863905325444,0.5,0.105263157894737,0.094412331406551,0,22.5,228,1,0.5,3,127.5,0,0,0,46.7751479289941,1.5,2.36842105263158,21.5260115606936,0,12.65,17.0143264752846,4.36432647528456,13.65,18.1985370016004,4.54853700160035
31,Jimmy Graham,CHI,TE,0,0,0,0,0,0,2,4,21.5,0.5,ATL,3,19,216,2.5,1,0,142,0,0,0,0,0,0.210526315789474,0.099537037037037,0.2,32.5,386,2.5,0,2.5,104.5,0,0,0,0,0,6.8421052631579,38.4212962962963,0.5,7.15,10.2631822612086,3.11318226120858,9.15,13.6842348927875,4.53423489278753
32,Nyheim Hines,IND,RB,0,0,0,14,0.5,0,2,9,24.5,0.5,NYJ,3,27.5,288.5,1,1.5,1,119.5,0,0,0,0.117154811715481,0.5,0.327272727272727,0.084922010398614,0.5,27.5,257,2,0.5,1.5,140,0,0,0,16.4016736401674,0.75,9,21.8249566724437,1,14.35,18.8226630312611,4.4726630312611,18.85,23.3226630312611,4.4726630312611
33,Kyler Murray,ARI,QB,258,1,2,79,1.5,0,2,0,0,0,DET,3,26,258,1,1,2,170,1,1,2,0.464705882352941,0.75,0,0,0,19,241,2.5,0,1,204,241,2.5,0,94.8,0.75,0,0,0,29.22,33.62,4.40000000000001,29.22,33.62,4.40000000000001
34,Odell Beckham Jr.,CLE,WR,0,0,0,0,0,0,2,7,48,0.5,WAS,3,18.5,204,1.5,1,1.5,176.5,0,0,0,0,0,0.378378378378378,0.235294117647059,0.333333333333333,25,278,1.5,1.5,1,108.5,0,0,0,0,0,9.45945945945946,65.4117647058824,0.5,11.3,14.270906200318,2.97090620031796,14.8,19.0006359300477,4.20063593004769
35,Cooper Kupp,LAR,WR,0,0,0,9.5,0,1,2,9,60.5,0,BUF,3,20,271,1.5,0.5,2,172,0,0,0,0.055232558139535,0,0.45,0.223247232472325,0,26,271.5,1.5,0.5,1,75.5,0,0,0,4.17005813953488,0,11.7,60.6116236162362,0,9.5,12.3281681755771,2.8281681755771,14,18.1781681755771,4.17816817557711
36,Dion Lewis,NYG,RB,0,0,0,10.5,0.5,0,2,4,18,0,SF,3,25.5,260,1,1.5,0.5,52,0,0,0,0.201923076923077,1,0.156862745098039,0.069230769230769,0,23.5,204.5,1,0.5,1,142,0,0,0,28.6730769230769,1,3.68627450980392,14.1576923076923,0,7.85,12.1262141779789,4.27621417797888,9.85,13.9693514328808,4.11935143288084
37,Amari Cooper,DAL,WR,0,0,0,0,0,0,2,16,90.5,0,SEA,3,29.5,358,1,0,2.5,130.5,0,0,0,0,0,0.542372881355932,0.252793296089385,0,33.5,423.5,1.5,1,1.5,69.5,0,0,0,0,0,18.1694915254237,107.057960893855,0,17.05,19.7905418520973,2.74054185209734,25.05,28.8752876148092,3.82528761480921
38,Todd Gurley II,ATL,RB,0,0,0,58.5,0.5,0,2,2,0.5,0,CHI,3,30.5,361.5,3,0.5,0.5,92.5,0,0,0,0.632432432432432,1,0.065573770491803,0.001383125864454,0,24.5,269,0.5,1,1,106.5,0,0,0,67.354054054054,1,1.60655737704918,0.372060857538036,0,9.9,13.5758901796838,3.6758901796838,10.9,14.3791688682084,3.47916886820839
39,Dontrelle Inman,WAS,WR,0,0,0,0,0,0,2,4,19,0,CLE,3,18,200.5,1,0,1.5,98.5,0,0,0,0,0,0.222222222222222,0.094763092269327,0,29,300,3,0,1,89.5,0,0,0,0,0,6.44444444444444,28.428927680798,0,3.9,6.06511499030202,2.16511499030202,5.9,9.28733721252424,3.38733721252424
40,Chris Godwin,TB,WR,0,0,0,0,0,0,1,6,79,0,DEN,3,23,228,1.5,1.5,2,104,0,0,0,0,0,0.260869565217391,0.346491228070175,0,29,280,2,0.5,0.5,119.5,0,0,0,0,0,7.56521739130435,97.0175438596491,0,10.9,13.4843630816171,2.58436308161709,13.9,17.2669717772693,3.36697177726926
41,Jordan Akins,HOU,TE,0,0,0,0,0,0,2,9,47,0.5,PIT,3,22.5,264,1,1,1,84.5,0,0,0,0,0,0.4,0.178030303030303,0.5,22.5,277.5,2,1.5,0,66.5,0,0,0,0,0,9,49.4034090909091,1,12.2,15.4403409090909,3.24034090909091,16.7,19.9403409090909,3.24034090909091
42,Jalen Guyton,LAC,WR,0,0,0,0,0,0,2,2,15,0.5,CAR,3,19,259.5,0.5,0.5,1,169,0,0,0,0,0,0.105263157894737,0.057803468208093,1,22.5,228,1,0.5,3,127.5,0,0,0,0,0,2.36842105263158,13.1791907514451,1,5.5,8.5021296014603,3.0021296014603,6.5,9.68634012777609,3.18634012777609
43,N'Keal Harry,NE,WR,0,0,0,0,0,1,2,13,55.5,0,LV,3,22.5,276,0.5,0.5,2.5,142,0,0,0,0,0,0.577777777777778,0.201086956521739,0,24,290.5,1,0.5,2,120.5,0,0,0,0,0,13.8666666666667,58.4157608695652,0,10.05,12.7749094202899,2.72490942028985,16.55,19.7082427536232,3.15824275362319
44,Derek Carr,LV,QB,260.5,2,0,1.5,0,1,2,0,0,0,NE,3,25,260.5,2,0,2,124.5,1,1,0,0.012048192771084,0,0,0,0,20.5,239.5,2.5,2,0.5,120.5,239.5,2.5,0,1.45180722891566,0,0,0,0,16.57,19.7251807228916,3.15518072289156,16.57,19.7251807228916,3.15518072289156
45,Darren Fells,HOU,TE,0,0,0,0,0,0,2,4,21,0.5,PIT,3,22.5,264,1,1,1,84.5,0,0,0,0,0,0.177777777777778,0.079545454545455,0.5,22.5,277.5,2,1.5,0,66.5,0,0,0,0,0,4,22.0738636363636,1,7.1,10.2073863636364,3.10738636363636,9.1,12.2073863636364,3.10738636363636
46,Chase Edmonds,ARI,RB,0,0,0,15,0,0,2,6,14,0.5,DET,3,26,258,1,1,2,170,0,0,0,0.088235294117647,0,0.230769230769231,0.054263565891473,0.5,19,241,2.5,0,1,204,0,0,0,18,0,4.38461538461539,13.077519379845,1.25,8.9,12.8000596302922,3.90005963029219,11.9,14.9923673225999,3.09236732259988
47,David Montgomery,CHI,RB,0,0,0,73,0,0,2,4,27.5,0.5,ATL,3,19,216,2.5,1,0,142,0,0,0,0.514084507042254,0,0.210526315789474,0.127314814814815,0.2,32.5,386,2.5,0,2.5,104.5,0,0,0,53.7218309859155,0,6.8421052631579,49.1435185185185,0.5,15.05,16.7075875820224,1.65758758202235,17.05,20.1286402136013,3.07864021360129
48,Jakob Johnson,NE,RB,0,0,0,0,0,0,2,1,0.5,0.5,LV,3,22.5,276,0.5,0.5,2.5,142,0,0,0,0,0,0.044444444444445,0.001811594202899,1,24,290.5,1,0.5,2,120.5,0,0,0,0,0,1.06666666666667,0.526268115942029,1,3.55,6.58596014492754,3.03596014492754,4.05,7.11929347826087,3.06929347826087
49,Jerry Jeudy,DEN,WR,0,0,0,0,0,0,2,8,59,0,TB,3,20.5,246,1.5,0.5,0.5,105.5,0,0,0,0,0,0.390243902439024,0.239837398373984,0,26,282.5,1,1,1.5,84.5,0,0,0,0,0,10.1463414634146,67.7540650406504,0,9.9,11.8485772357724,1.94857723577236,13.9,16.9217479674797,3.02174796747967
50,Carlos Hyde,SEA,RB,0,0,0,22.5,0.5,0,2,2,7.5,0,DAL,3,26,305,4.5,0.5,0.5,119,0,0,0,0.189075630252101,1,0.076923076923077,0.024590163934426,0,22,274,2,0.5,1,133,0,0,0,25.1470588235294,1,1.69230769230769,6.73770491803279,0,7,10.0346302203101,3.03463022031007,8,10.8807840664639,2.88078406646391
51,David Njoku,CLE,TE,0,0,0,0,0,0,1,3,50,1,WAS,3,18.5,204,1.5,1,1.5,176.5,0,0,0,0,0,0.162162162162162,0.245098039215686,0.666666666666667,25,278,1.5,1.5,1,108.5,0,0,0,0,0,4.05405405405405,68.1372549019608,1,12.5,14.8407525172231,2.34075251722311,14,16.8677795442501,2.86777954425013
52,O.J. Howard,TB,TE,0,0,0,0,0,0,2,5,23.5,0.5,DEN,3,23,228,1.5,1.5,2,104,0,0,0,0,0,0.217391304347826,0.103070175438597,0.333333333333333,29,280,2,0.5,0.5,119.5,0,0,0,0,0,6.30434782608696,28.859649122807,0.666666666666667,7.85,10.0381388253242,2.18813882532418,10.35,13.1903127383677,2.84031273836766
53,Javon Wims,CHI,WR,0,0,0,0,0,0,2,3,9,0.5,ATL,3,19,216,2.5,1,0,142,0,0,0,0,0,0.157894736842105,0.041666666666667,0.2,32.5,386,2.5,0,2.5,104.5,0,0,0,0,0,5.13157894736842,16.0833333333333,0.5,5.4,7.17412280701754,1.77412280701754,6.9,9.73991228070175,2.83991228070175
54,Scotty Miller,TB,WR,0,0,0,3.5,0,0,2,7,42,0,DEN,3,23,228,1.5,1.5,2,104,0,0,0,0.033653846153846,0,0.304347826086957,0.184210526315789,0,29,280,2,0.5,0.5,119.5,0,0,0,4.02163461538462,0,8.82608695652174,51.578947368421,0,8.05,9.97310167664144,1.92310167664144,11.55,14.3861451549023,2.83614515490231
55,Zach Pascal,IND,WR,0,0,0,0,0,0,2,5,18.5,0.5,NYJ,3,27.5,288.5,1,1.5,1,119.5,0,0,0,0,0,0.181818181818182,0.064124783362218,0.5,27.5,257,2,0.5,1.5,140,0,0,0,0,0,5,16.4800693240901,1,7.35,10.148006932409,2.79800693240901,9.85,12.648006932409,2.79800693240901
56,CeeDee Lamb,DAL,WR,0,0,0,4.5,0,0,2,11,82.5,0,SEA,3,29.5,358,1,0,2.5,130.5,0,0,0,0.03448275862069,0,0.372881355932203,0.230446927374302,0,33.5,423.5,1.5,1,1.5,69.5,0,0,0,2.39655172413793,0,12.4915254237288,97.5942737430168,0,14.2,16.2448452585799,2.04484525857988,19.7,22.4906079704443,2.79060797044428
57,Derrick Henry,TEN,RB,0,0,0,100,0,0,2,3,7.5,0,MIN,3,23.5,244,3,0,0,126.5,0,0,0,0.790513833992095,0,0.127659574468085,0.030737704918033,0,25.5,289,2.5,0.5,1,154.5,0,0,0,122.134387351779,0,3.25531914893617,8.88319672131147,0,12.25,14.7294179817771,2.4794179817771,13.75,16.3570775562452,2.60707755624518
58,Tyler Higbee,LAR,TE,0,0,0,0,0,0,2,8,47,1.5,BUF,3,20,271,1.5,0.5,2,172,0,0,0,0,0,0.4,0.173431734317343,1,26,271.5,1.5,0.5,1,75.5,0,0,0,0,0,10.4,47.0867158671587,1.5,17.7,18.9086715867159,1.20867158671587,21.7,24.1086715867159,2.40867158671587
59,Teddy Bridgewater,CAR,QB,318.5,0.5,2,13,0,1,2,0,0,0,LAC,3,27.5,318,0.5,1,2,108,1.00157232704403,1,2,0.12037037037037,0,0,0,0,25,247.5,1,0.5,0.5,123.5,247.889150943396,1,1,14.8657407407407,0,0,0,0,12.04,14.4021401118099,2.36214011180992,12.04,14.4021401118099,2.36214011180992
60,Cordarrelle Patterson,CHI,WR,0,0,0,22,0,0,2,3,10,0,ATL,3,19,216,2.5,1,0,142,0,0,0,0.154929577464789,0,0.157894736842105,0.046296296296296,0,32.5,386,2.5,0,2.5,104.5,0,0,0,16.1901408450704,0,5.13157894736842,17.8703703703704,0,4.7,5.97184059522829,1.27184059522829,6.2,8.5376300689125,2.3376300689125
61,Joe Mixon,CIN,RB,0,0,0,57.5,0,1,2,5,21,0,PHI,3,30,254.5,1.5,0.5,0.5,95,0,0,0,0.605263157894737,0,0.166666666666667,0.082514734774067,0,18.5,222.5,2,0,2,135.5,0,0,0,82.0131578947368,0,3.08333333333333,18.3595284872299,0,8.35,11.5789353048633,3.22893530486334,10.85,13.12060197153,2.27060197153
62,Tarik Cohen,CHI,RB,0,0,0,26.5,0,0,2,3,10.5,0,ATL,3,19,216,2.5,1,0,142,0,0,0,0.186619718309859,0,0.157894736842105,0.048611111111111,0,32.5,386,2.5,0,2.5,104.5,0,0,0,19.5017605633803,0,5.13157894736842,18.7638888888889,0,5.2,6.39235441891113,1.19235441891113,6.7,8.95814389259534,2.25814389259534
63,Kyle Rudolph,MIN,TE,0,0,0,0,0,0,2,2,14,0,TEN,3,15,186,1,2,1.5,107,0,0,0,0,0,0.133333333333333,0.075268817204301,0,26,277.5,2,1,1,136,0,0,0,0,0,3.46666666666667,20.8870967741935,0,2.4,3.82204301075269,1.42204301075269,3.4,5.55537634408602,2.15537634408602
64,Jonathan Taylor,IND,RB,0,0,0,61.5,0.5,0,2,8,38,0,NYJ,3,27.5,288.5,1,1.5,1,119.5,0,0,0,0.514644351464435,0.5,0.290909090909091,0.131715771230503,0,27.5,257,2,0.5,1.5,140,0,0,0,72.0502092050209,0.75,8,33.8509532062392,0,16.95,19.090116241126,2.14011624112601,20.95,23.090116241126,2.14011624112601
65,Austin Hooper,CLE,TE,0,0,0,0,0,0,2,4,18.5,0,WAS,3,18.5,204,1.5,1,1.5,176.5,0,0,0,0,0,0.216216216216216,0.090686274509804,0,25,278,1.5,1.5,1,108.5,0,0,0,0,0,5.40540540540541,25.2107843137255,0,3.85,5.22378113407525,1.37378113407525,5.85,7.92648383677795,2.07648383677795
66,Keke Coutee,HOU,WR,0,0,0,0,0,1,1,2,11,0,PIT,3,22.5,264,1,1,1,84.5,0,0,0,0,0,0.088888888888889,0.041666666666667,0,22.5,277.5,2,1.5,0,66.5,0,0,0,0,0,2,11.5625,0,0.1,2.15625,2.05625,1.1,3.15625,2.05625
67,Tim Patrick,DEN,WR,0,0,0,0,0,0,2,6,26.5,0,TB,3,20.5,246,1.5,0.5,0.5,105.5,0,0,0,0,0,0.292682926829268,0.107723577235772,0,26,282.5,1,1,1.5,84.5,0,0,0,0,0,7.60975609756098,30.4319105691057,0,5.65,6.84806910569106,1.19806910569106,8.65,10.6529471544715,2.00294715447154
68,Drew Lock,DEN,QB,118,0.5,0,2.5,0,1,2,0,0,0,TB,3,20.5,246,1.5,0.5,0.5,105.5,0.479674796747968,0.333333333333333,0,0.023696682464455,0,0,0,0,26,282.5,1,1,1.5,84.5,135.508130081301,0.333333333333333,0,2.00236966824645,0,0,0,0,4.97,6.95389550341001,1.98389550341001,4.97,6.95389550341001,1.98389550341001
69,KhaDarel Hodge,CLE,WR,0,0,0,0,0,0,2,3,25.5,0,WAS,3,18.5,204,1.5,1,1.5,176.5,0,0,0,0,0,0.162162162162162,0.125,0,25,278,1.5,1.5,1,108.5,0,0,0,0,0,4.05405405405405,34.75,0,4.05,5.50202702702703,1.45202702702703,5.55,7.52905405405405,1.97905405405405
70,Dak Prescott,DAL,QB,358,1,0,24,1.5,1,2,0,0,0,SEA,3,29.5,358,1,0,2.5,130.5,1,1,0,0.183908045977011,0.6,0,0,0,33.5,423.5,1.5,1,1.5,69.5,423.5,1.5,0,12.7816091954023,0.9,0,0,0,27.72,29.6181609195402,1.89816091954023,27.72,29.6181609195402,1.89816091954023
71,Marquise Brown,BAL,WR,0,0,0,0,0,0,2,10,71.5,0,KC,3,19.5,244,2,0,1.5,170.5,0,0,0,0,0,0.512820512820513,0.293032786885246,0,21,282,1,1,1.5,150.5,0,0,0,0,0,10.7692307692308,82.6352459016394,0,12.15,13.6481399747793,1.49813997477932,17.15,19.0327553593947,1.88275535939471
72,LeSean McCoy,TB,RB,0,0,0,-2.5,0,0,2,6,14,0,DEN,3,23,228,1.5,1.5,2,104,0,0,0,-0.024038461538462,0,0.260869565217391,0.06140350877193,0,29,280,2,0.5,0.5,119.5,0,0,0,-2.87259615384615,0,7.56521739130435,17.1929824561403,0,4.15,5.21464732588159,1.06464732588159,7.15,8.99725602153377,1.84725602153377
73,Saquon Barkley,NYG,RB,0,0,0,17,0,0,2,6,30,0,SF,3,25.5,260,1,1.5,0.5,52,0,0,0,0.326923076923077,0,0.235294117647059,0.115384615384615,0,23.5,204.5,1,0.5,1,142,0,0,0,46.4230769230769,0,5.52941176470588,23.5961538461538,0,7.7,9.76662895927602,2.06662895927602,10.7,12.531334841629,1.83133484162896
74,Irv Smith Jr.,MIN,TE,0,0,0,0,0,0,2,2,7,0,TEN,3,15,186,1,2,1.5,107,0,0,0,0,0,0.133333333333333,0.037634408602151,0,26,277.5,2,1,1,136,0,0,0,0,0,3.46666666666667,10.4435483870968,0,1.7,2.77768817204301,1.07768817204301,2.7,4.51102150537635,1.81102150537634
75,Baker Mayfield,CLE,QB,204,1.5,2,4,0,0,2,0,0,0,WAS,3,18.5,204,1.5,1,1.5,176.5,1,1,2,0.022662889518414,0,0,0,0,25,278,1.5,1.5,1,108.5,278,1.5,3,2.45892351274788,0,0,0,0,12.56,14.3658923512748,1.80589235127479,12.56,14.3658923512748,1.80589235127479
76,Courtland Sutton,DEN,WR,0,0,0,0,0,0,1,3,66,0,TB,3,20.5,246,1.5,0.5,0.5,105.5,0,0,0,0,0,0.146341463414634,0.268292682926829,0,26,282.5,1,1,1.5,84.5,0,0,0,0,0,3.80487804878049,75.7926829268293,0,8.1,9.48170731707317,1.38170731707317,9.6,11.3841463414634,1.78414634146341
77,Michael Gallup,DAL,WR,0,0,0,0,0,0,2,5,54,0,SEA,3,29.5,358,1,0,2.5,130.5,0,0,0,0,0,0.169491525423729,0.150837988826816,0,33.5,423.5,1.5,1,1.5,69.5,0,0,0,0,0,5.67796610169492,63.8798882681564,0,7.9,9.2269718776631,1.3269718776631,10.4,12.0659549285106,1.66595492851056
78,Myles Gaskin,MIA,RB,0,0,0,43,0,0,2,10,31,0,JAC,3,25.5,259.5,1,1.5,1,93,0,0,0,0.46236559139785,0,0.392156862745098,0.119460500963391,0,27,301,2.5,1,0.5,105.5,0,0,0,48.7795698924731,0,10.5882352941176,35.9576107899807,0,12.4,13.7678357153042,1.36783571530421,17.4,19.061953362363,1.66195336236303
79,Corey Davis,TEN,WR,0,0,0,0,0,0,2,10,68.5,0.5,MIN,3,23.5,244,3,0,0,126.5,0,0,0,0,0,0.425531914893617,0.280737704918033,0.166666666666667,25.5,289,2.5,0.5,1,154.5,0,0,0,0,0,10.8510638297872,81.1331967213115,0.416666666666667,14.85,16.0388515870248,1.18885158702476,19.85,21.4643835019184,1.61438350191838
80,Van Jefferson,LAR,WR,0,0,0,-0.5,0,0,2,5,38,0,BUF,3,20,271,1.5,0.5,2,172,0,0,0,-0.002906976744186,0,0.25,0.140221402214022,0,26,271.5,1.5,0.5,1,75.5,0,0,0,-0.219476744186046,0,6.5,38.070110701107,0,6.25,7.0350633956921,0.785063395692096,8.75,10.2850633956921,1.5350633956921
81,Noah Fant,DEN,TE,0,0,0,0,0,0,2,9,69,1,TB,3,20.5,246,1.5,0.5,0.5,105.5,0,0,0,0,0,0.439024390243902,0.280487804878049,0.666666666666667,26,282.5,1,1,1.5,84.5,0,0,0,0,0,11.4146341463415,79.2378048780488,0.666666666666667,17.4,17.6310975609756,0.231097560975613,21.9,23.3384146341463,1.43841463414634
82,Justin Watson,TB,WR,0,0,0,0,0,0,2,3,27,0,DEN,3,23,228,1.5,1.5,2,104,0,0,0,0,0,0.130434782608696,0.118421052631579,0,29,280,2,0.5,0.5,119.5,0,0,0,0,0,3.78260869565217,33.1578947368421,0,4.2,5.2070938215103,1.0070938215103,5.7,7.09839816933638,1.39839816933638
83,KJ Hamler,DEN,WR,0,0,0,9,0,0,1,3,48,0,TB,3,20.5,246,1.5,0.5,0.5,105.5,0,0,0,0.085308056872038,0,0.146341463414634,0.195121951219512,0,26,282.5,1,1,1.5,84.5,0,0,0,7.2085308056872,0,3.80487804878049,55.1219512195122,0,7.2,8.13548722691018,0.935487226910183,8.7,10.0379262513004,1.33792625130043
84,Julian Edelman,NE,WR,0,0,0,11.5,0,0,2,13,118,0,LV,3,22.5,276,0.5,0.5,2.5,142,0,0,0,0.080985915492958,0,0.577777777777778,0.427536231884058,0,24,290.5,1,0.5,2,120.5,0,0,0,9.75880281690141,0,13.8666666666667,124.199275362319,0,19.45,20.3291411512554,0.879141151255354,25.95,27.2624744845887,1.31247448458869
85,Adam Humphries,TEN,WR,0,0,0,0,0,0,2,11,47.5,0.5,MIN,3,23.5,244,3,0,0,126.5,0,0,0,0,0,0.468085106382979,0.194672131147541,0.166666666666667,25.5,289,2.5,0.5,1,154.5,0,0,0,0,0,11.936170212766,56.2602459016394,0.416666666666667,13.25,14.0941096965469,0.844109696546914,18.75,20.0621948029299,1.31219480292989
86,Jimmy Garoppolo,SF,QB,195,2,0,4.5,0,0,2,0,0,0,NYG,3,20.5,230.5,2,0.5,1,152.5,0.845986984815618,1,0,0.029508196721312,0,0,0,0,19.5,209.5,2.5,1,0,138,177.234273318872,2.5,0,4.07213114754098,0,0,0,0,16.25,17.496584047509,1.24658404750898,16.25,17.496584047509,1.24658404750898
87,Isaiah Ford,MIA,WR,0,0,0,0,0,0,2,9,44.5,0,JAC,3,25.5,259.5,1,1.5,1,93,0,0,0,0,0,0.352941176470588,0.171483622350674,0,27,301,2.5,1,0.5,105.5,0,0,0,0,0,9.52941176470588,51.616570327553,0,8.95,9.92636291510824,0.976362915108242,13.45,14.6910687974612,1.24106879746118
88,Keenan Allen,LAC,WR,0,0,0,0,0,0,2,11,66.5,0,CAR,3,19,259.5,0.5,0.5,1,169,0,0,0,0,0,0.578947368421053,0.25626204238921,0,22.5,228,1,0.5,3,127.5,0,0,0,0,0,13.0263157894737,58.4277456647399,0,12.15,12.3559324612108,0.20593246121083,17.65,18.8690903559477,1.21909035594767
89,Cole Kmet,CHI,TE,0,0,0,0,0,0,2,1,6,0,ATL,3,19,216,2.5,1,0,142,0,0,0,0,0,0.052631578947369,0.027777777777778,0,32.5,386,2.5,0,2.5,104.5,0,0,0,0,0,1.71052631578947,10.7222222222222,0,1.1,1.92748538011696,0.827485380116959,1.6,2.7827485380117,1.1827485380117
90,Robby Anderson,CAR,WR,0,0,0,0,0,1,2,15,112,0.5,LAC,3,27.5,318,0.5,1,2,108,0,0,0,0,0,0.545454545454545,0.352201257861635,1,25,247.5,1,0.5,0.5,123.5,0,0,0,0,0,13.6363636363636,87.1698113207547,1,19.7,21.5351629502573,1.83516295025729,27.2,28.3533447684391,1.15334476843911
91,A.J. Brown,TEN,WR,0,0,0,0,0,0,1,5,39,0,MIN,3,23.5,244,3,0,0,126.5,0,0,0,0,0,0.212765957446808,0.159836065573771,0,25.5,289,2.5,0.5,1,154.5,0,0,0,0,0,5.42553191489362,46.1926229508197,0,6.4,7.33202825252878,0.932028252528776,8.9,10.0447942099756,1.14479420997558
92,Miles Boykin,BAL,WR,0,0,0,0,0,0,2,7,37.5,0,KC,3,19.5,244,2,0,1.5,170.5,0,0,0,0,0,0.358974358974359,0.153688524590164,0,21,282,1,1,1.5,150.5,0,0,0,0,0,7.53846153846154,43.3401639344262,0,7.25,8.10324716267339,0.853247162673393,10.75,11.8724779319042,1.12247793190416
93,Hunter Henry,LAC,TE,0,0,0,0,0,0,2,11,78,0,CAR,3,19,259.5,0.5,0.5,1,169,0,0,0,0,0,0.578947368421053,0.300578034682081,0,22.5,228,1,0.5,3,127.5,0,0,0,0,0,13.0263157894737,68.5317919075145,0,13.3,13.3663370854883,0.066337085488289,18.8,19.8794949802251,1.07949498022513
94,Harrison Bryant,CLE,TE,0,0,0,0,0,0,2,2,9.5,0,WAS,3,18.5,204,1.5,1,1.5,176.5,0,0,0,0,0,0.108108108108108,0.04656862745098,0,25,278,1.5,1.5,1,108.5,0,0,0,0,0,2.7027027027027,12.9460784313726,0,1.95,2.64595919448861,0.695959194488606,2.95,3.99731054583996,1.04731054583996
95,Anthony Firkser,TEN,TE,0,0,0,0,0,0,2,6,25,0,MIN,3,23.5,244,3,0,0,126.5,0,0,0,0,0,0.25531914893617,0.102459016393443,0,25.5,289,2.5,0.5,1,154.5,0,0,0,0,0,6.51063829787234,29.6106557377049,0,5.5,6.21638472270666,0.716384722706662,8.5,9.47170387164283,0.971703871642832
96,Josh Reynolds,LAR,WR,0,0,0,0,0,0,2,3,25,0,BUF,3,20,271,1.5,0.5,2,172,0,0,0,0,0,0.15,0.092250922509225,0,26,271.5,1.5,0.5,1,75.5,0,0,0,0,0,3.9,25.0461254612546,0,4,4.45461254612546,0.454612546125461,5.5,6.40461254612546,0.904612546125462
97,Matthew Stafford,DET,QB,270.5,1.5,2,13.5,0,0,2,0,0,0,ARI,3,22,270.5,1.5,1,1,113.5,1,1,2,0.118942731277533,0,0,0,0,19,241,1.5,0,0.5,120,241,1.5,0,14.273127753304,0,0,0,0,16.17,17.0673127753304,0.897312775330395,16.17,17.0673127753304,0.897312775330395
98,Cam Batson,TEN,WR,0,0,0,11,0,0,1,2,26,0,MIN,3,23.5,244,3,0,0,126.5,0,0,0,0.086956521739131,0,0.085106382978723,0.10655737704918,0,25.5,289,2.5,0.5,1,154.5,0,0,0,13.4347826086957,0,2.17021276595745,30.7950819672131,0,4.7,5.5080928405696,0.808092840569599,5.7,6.59319922354832,0.893199223548323
99,Dalvin Cook,MIN,RB,0,0,0,56.5,1.5,0,2,3,3,0,TEN,3,15,186,1,2,1.5,107,0,0,0,0.52803738317757,1,0.2,0.016129032258065,0,26,277.5,2,1,1,136,0,0,0,71.8130841121495,1,5.2,4.4758064516129,0,16.45,16.2288890563762,-0.221110943623756,17.95,18.8288890563762,0.878889056376245
100,Drew Brees,NO,QB,236,1.5,1,0,0,0,2,0,0,0,GB,3,22.5,255,1.5,0.5,1.5,97,0.925490196078431,1,2,0,0,0,0,0,19.5,251.5,2,1,1.5,111.5,232.760784313725,2,2,0,0,0,0,0,14.44,15.310431372549,0.870431372549019,14.44,15.310431372549,0.870431372549019
101,Ryan Nall,CHI,RB,0,0,0,0,0,0,2,1,1,0,ATL,3,19,216,2.5,1,0,142,0,0,0,0,0,0.052631578947369,0.00462962962963,0,32.5,386,2.5,0,2.5,104.5,0,0,0,0,0,1.71052631578947,1.78703703703704,0,0.6,1.03396686159844,0.433966861598441,1.1,1.88923001949318,0.789230019493177
102,Jordan Reed,SF,TE,0,0,0,0,0,0,2,9,31,1,NYG,3,20.5,230.5,2,0.5,1,152.5,0,0,0,0,0,0.439024390243902,0.134490238611714,0.5,19.5,209.5,2.5,1,0,138,0,0,0,0,0,8.5609756097561,28.175704989154,1.25,13.6,14.5980583037935,0.998058303793451,18.1,18.8785461086715,0.778546108671499
103,Patrick Ricard,BAL,RB,0,0,0,-2.5,0,1,2,2,5,0.5,KC,3,19.5,244,2,0,1.5,170.5,0,0,0,-0.014662756598241,0,0.102564102564103,0.020491803278689,0.25,21,282,1,1,1.5,150.5,0,0,0,-2.20674486803519,0,2.15384615384615,5.77868852459016,0.25,2.25,2.93411744257857,0.684117442578574,3.25,4.01104051950165,0.761040519501651
104,Antonio Gandy-Golden,WAS,WR,0,0,0,0,0,0,1,1,3,0,CLE,3,18,200.5,1,0,1.5,98.5,0,0,0,0,0,0.055555555555556,0.01496259351621,0,29,300,3,0,1,89.5,0,0,0,0,0,1.61111111111111,4.48877805486284,0,0.8,1.25443336104184,0.45443336104184,1.3,2.05998891659739,0.759988916597395
105,Boston Scott,PHI,RB,0,0,0,27,0,0,2,5,21.5,0,CIN,3,25,256,1,2,1,89,0,0,0,0.303370786516854,0,0.2,0.083984375,0,16,213.5,1,0.5,2,185,0,0,0,56.123595505618,0,3.2,17.9306640625,0,7.35,9.0054259568118,1.6554259568118,9.85,10.6054259568118,0.755425956811799
106,Dawson Knox,BUF,TE,0,0,0,0,0,1,2,3,32,0,LAR,3,28.5,364.5,3,0,0.5,104.5,0,0,0,0,0,0.105263157894737,0.087791495198903,0,25.5,254,0.5,1,1.5,128.5,0,0,0,0,0,2.68421052631579,22.2990397805213,0,2.7,3.57200924121002,0.872009241210021,4.2,4.91411450436792,0.714114504367916
107,Preston Williams,MIA,WR,0,0,0,0,0,0,2,3,33.5,0,JAC,3,25.5,259.5,1,1.5,1,93,0,0,0,0,0,0.117647058823529,0.129094412331407,0,27,301,2.5,1,0.5,105.5,0,0,0,0,0,3.17647058823529,38.8574181117534,0,4.85,5.47397710529298,0.623977105292985,6.35,7.06221239941063,0.712212399410632
108,DaeSean Hamilton,DEN,WR,0,0,0,0,0,0,2,2,11.5,0,TB,3,20.5,246,1.5,0.5,0.5,105.5,0,0,0,0,0,0.097560975609756,0.046747967479675,0,26,282.5,1,1,1.5,84.5,0,0,0,0,0,2.53658536585366,13.2063008130081,0,2.15,2.58892276422764,0.438922764227642,3.15,3.85721544715447,0.707215447154471
109,Marcus Baugh,WAS,TE,0,0,0,0,0,0,2,1,1,0,CLE,3,18,200.5,1,0,1.5,98.5,0,0,0,0,0,0.055555555555556,0.00498753117207,0,29,300,3,0,1,89.5,0,0,0,0,0,1.61111111111111,1.49625935162095,0,0.6,0.95518149071765,0.35518149071765,1.1,1.76073704627321,0.660737046273206
110,Rob Gronkowski,TB,TE,0,0,0,0,0,0,2,2,5.5,0,DEN,3,23,228,1.5,1.5,2,104,0,0,0,0,0,0.086956521739131,0.024122807017544,0,29,280,2,0.5,0.5,119.5,0,0,0,0,0,2.52173913043478,6.75438596491228,0,1.55,1.93630816170862,0.386308161708619,2.55,3.19717772692601,0.647177726926011
111,Mike Williams,LAC,WR,0,0,0,0,0,0,2,6,41.5,0,CAR,3,19,259.5,0.5,0.5,1,169,0,0,0,0,0,0.31578947368421,0.159922928709056,0,22.5,228,1,0.5,3,127.5,0,0,0,0,0,7.10526315789474,36.4624277456647,0,7.15,7.19887435351384,0.048874353513842,10.15,10.7515059324612,0.60150593246121
112,Damiere Byrd,NE,WR,0,0,0,0,0,0,2,6,36,0,LV,3,22.5,276,0.5,0.5,2.5,142,0,0,0,0,0,0.266666666666667,0.130434782608696,0,24,290.5,1,0.5,2,120.5,0,0,0,0,0,6.4,37.8913043478261,0,6.6,6.98913043478261,0.38913043478261,9.6,10.1891304347826,0.589130434782609
113,Blake Bell,DAL,TE,0,0,0,0,0,0,2,2,17,0,SEA,3,29.5,358,1,0,2.5,130.5,0,0,0,0,0,0.067796610169492,0.047486033519553,0,33.5,423.5,1.5,1,1.5,69.5,0,0,0,0,0,2.27118644067797,20.1103351955307,0,2.7,3.14662673989206,0.446626739892056,3.7,4.28221996023104,0.582219960231039
114,Antonio Gibson,WAS,RB,0,0,0,45.5,0.5,0,2,3,2.5,0,CLE,3,18,200.5,1,0,1.5,98.5,0,0,0,0.461928934010152,0.333333333333333,0.166666666666667,0.012468827930175,0,29,300,3,0,1,89.5,0,0,0,41.3426395939086,0.333333333333333,4.83333333333333,3.74064837905237,0,9.3,8.92499546396277,-0.375004536037233,10.8,11.3416621306294,0.541662130629433
115,Noah Brown,DAL,WR,0,0,0,0,0,0,2,2,14,0,SEA,3,29.5,358,1,0,2.5,130.5,0,0,0,0,0,0.067796610169492,0.039106145251397,0,33.5,423.5,1.5,1,1.5,69.5,0,0,0,0,0,2.27118644067797,16.5614525139665,0,2.4,2.79173847173563,0.391738471735631,3.4,3.92733169207461,0.527331692074614
116,Rashard Higgins,CLE,WR,0,0,0,0,0,0,2,1,4.5,0,WAS,3,18.5,204,1.5,1,1.5,176.5,0,0,0,0,0,0.054054054054054,0.022058823529412,0,25,278,1.5,1.5,1,108.5,0,0,0,0,0,1.35135135135135,6.13235294117647,0,0.95,1.28891096979332,0.338910969793323,1.45,1.964586645469,0.514586645468998
117,Zay Jones,LV,WR,0,0,0,0,0,0,2,1,7.5,0.5,NE,3,25,260.5,2,0,2,124.5,0,0,0,0,0,0.04,0.028790786948177,0.25,20.5,239.5,2.5,2,0.5,120.5,0,0,0,0,0,0.82,6.89539347408829,0.625,4.25,4.84953934740883,0.599539347408829,4.75,5.25953934740883,0.509539347408829
118,Matt Breida,MIA,RB,0,0,0,29.5,0,0,2,1,1,0,JAC,3,25.5,259.5,1,1.5,1,93,0,0,0,0.317204301075269,0,0.03921568627451,0.003853564547206,0,27,301,2.5,1,0.5,105.5,0,0,0,33.4650537634409,0,1.05882352941176,1.15992292870906,0,3.55,3.99190943392087,0.441909433920873,4.05,4.52132119862676,0.471321198626757
119,Jakeem Grant,MIA,WR,0,0,0,0,0,0,2,4,13.5,0,JAC,3,25.5,259.5,1,1.5,1,93,0,0,0,0,0,0.156862745098039,0.052023121387283,0,27,301,2.5,1,0.5,105.5,0,0,0,0,0,4.23529411764706,15.6589595375723,0,3.35,3.68354301258075,0.333543012580755,5.35,5.80119007140428,0.451190071404285
120,Emmanuel Sanders,NO,WR,0,0,0,0,0,0,2,4,16.5,0.5,GB,3,22.5,255,1.5,0.5,1.5,97,0,0,0,0,0,0.177777777777778,0.064705882352941,0.333333333333333,19.5,251.5,2,1,1.5,111.5,0,0,0,0,0,3.46666666666667,16.2735294117647,0.666666666666667,6.65,7.3606862745098,0.710686274509804,8.65,9.09401960784314,0.444019607843137
121,Frank Gore,NYJ,RB,0,0,0,43.5,0,0,2,0,0,0,IND,3,21,197,1,0.5,0.5,78,0,0,0,0.557692307692308,0,0,0,0,15,143,1.5,1.5,0.5,85.5,0,0,0,47.6826923076923,0,0,0,0,4.35,4.76826923076923,0.41826923076923,4.35,4.76826923076923,0.41826923076923
122,J.D. McKissic,WAS,RB,0,0,0,25.5,0,0,2,1,0.5,0,CLE,3,18,200.5,1,0,1.5,98.5,0,0,0,0.258883248730964,0,0.055555555555556,0.002493765586035,0,29,300,3,0,1,89.5,0,0,0,23.1700507614213,0,1.61111111111111,0.748129675810474,0,3.1,3.19737359927873,0.097373599278735,3.6,4.00292915483429,0.402929154834291
123,Devin Duvernay,BAL,WR,0,0,0,0,0,0,2,2,15.5,0,KC,3,19.5,244,2,0,1.5,170.5,0,0,0,0,0,0.102564102564103,0.063524590163935,0,21,282,1,1,1.5,150.5,0,0,0,0,0,2.15384615384615,17.9139344262295,0,2.55,2.86831651954603,0.318316519546028,3.55,3.9452395964691,0.395239596469105
124,Tyrie Cleveland,DEN,WR,0,0,0,0,0,0,1,1,7,0,TB,3,20.5,246,1.5,0.5,0.5,105.5,0,0,0,0,0,0.048780487804878,0.028455284552846,0,26,282.5,1,1,1.5,84.5,0,0,0,0,0,1.26829268292683,8.03861788617886,0,1.2,1.4380081300813,0.238008130081301,1.7,2.07215447154472,0.372154471544715
125,Alec Ingold,LV,RB,0,0,0,0,0,0,2,2,2.5,0.5,NE,3,25,260.5,2,0,2,124.5,0,0,0,0,0,0.08,0.009596928982726,0.25,20.5,239.5,2.5,2,0.5,120.5,0,0,0,0,0,1.64,2.29846449136276,0.625,4.25,4.79984644913628,0.549846449136276,5.25,5.61984644913628,0.369846449136277
126,Blake Jarwin,DAL,TE,0,0,0,0,0,0,1,1,12,0,SEA,3,29.5,358,1,0,2.5,130.5,0,0,0,0,0,0.033898305084746,0.033519553072626,0,33.5,423.5,1.5,1,1.5,69.5,0,0,0,0,0,1.13559322033898,14.195530726257,0,1.7,1.98734968279519,0.28734968279519,2.2,2.55514629296468,0.355146292964681
127,Jordan Wilkins,IND,RB,0,0,0,20,0,0,2,0,0,0,NYJ,3,27.5,288.5,1,1.5,1,119.5,0,0,0,0.167364016736402,0,0,0,0,27.5,257,2,0.5,1.5,140,0,0,0,23.4309623430962,0,0,0,0,2,2.34309623430962,0.343096234309623,2,2.34309623430962,0.343096234309623
128,Nick Boyle,BAL,TE,0,0,0,0,0,0,2,3,7,0,KC,3,19.5,244,2,0,1.5,170.5,0,0,0,0,0,0.153846153846154,0.028688524590164,0,21,282,1,1,1.5,150.5,0,0,0,0,0,3.23076923076923,8.09016393442623,0,2.2,2.42440100882724,0.224401008827238,3.7,4.03978562421185,0.339785624211854
129,Ryan Izzo,NE,TE,0,0,0,0,0,0,2,3,22,0,LV,3,22.5,276,0.5,0.5,2.5,142,0,0,0,0,0,0.133333333333333,0.079710144927536,0,24,290.5,1,0.5,2,120.5,0,0,0,0,0,3.2,23.1557971014493,0,3.7,3.91557971014493,0.215579710144927,5.2,5.51557971014493,0.315579710144927
130,Gerald Everett,LAR,TE,0,0,0,0,0,0,2,1,3.5,0,BUF,3,20,271,1.5,0.5,2,172,0,0,0,0,0,0.05,0.012915129151292,0,26,271.5,1.5,0.5,1,75.5,0,0,0,0,0,1.3,3.50645756457565,0,0.85,1.00064575645756,0.150645756457565,1.35,1.65064575645756,0.300645756457565
131,Brandin Cooks,HOU,WR,0,0,0,0,0,0,2,7,57.5,0,PIT,3,22.5,264,1,1,1,84.5,0,0,0,0,0,0.311111111111111,0.21780303030303,0,22.5,277.5,2,1.5,0,66.5,0,0,0,0,0,7,60.4403409090909,0,9.25,9.54403409090909,0.29403409090909,12.75,13.0440340909091,0.29403409090909
132,Corey Clement,PHI,RB,0,0,0,9.5,0,0,2,2,1,0,CIN,3,25,256,1,2,1,89,0,0,0,0.106741573033708,0,0.08,0.00390625,0,16,213.5,1,0.5,2,185,0,0,0,19.747191011236,0,1.28,0.833984375,0,2.05,2.6981175386236,0.648117538623596,3.05,3.3381175386236,0.288117538623595
133,Jonnu Smith,TEN,TE,0,0,0,0,0,0,2,8,60,1.5,MIN,3,23.5,244,3,0,0,126.5,0,0,0,0,0,0.340425531914894,0.245901639344262,0.5,25.5,289,2.5,0.5,1,154.5,0,0,0,0,0,8.68085106382979,71.0655737704918,1.25,19,18.9469829089641,-0.053017091035926,23,23.287408440879,0.287408440878966
134,Will Fuller V,HOU,WR,0,0,0,0,0,0,2,8,56,0,PIT,3,22.5,264,1,1,1,84.5,0,0,0,0,0,0.355555555555556,0.212121212121212,0,22.5,277.5,2,1.5,0,66.5,0,0,0,0,0,8,58.8636363636364,0,9.6,9.88636363636364,0.286363636363635,13.6,13.8863636363636,0.286363636363635
135,Tony Pollard,DAL,RB,0,0,0,8,0,0,2,3,12.5,0,SEA,3,29.5,358,1,0,2.5,130.5,0,0,0,0.061302681992337,0,0.101694915254237,0.034916201117319,0,33.5,423.5,1.5,1,1.5,69.5,0,0,0,4.26053639846743,0,3.40677966101695,14.7870111731844,0,3.55,3.60814458767365,0.058144587673654,5.05,5.31153441818213,0.261534418182129
136,Nick Vannett,DEN,TE,0,0,0,0,0,0,2,1,-3,0,TB,3,20.5,246,1.5,0.5,0.5,105.5,0,0,0,0,0,0.048780487804878,-0.01219512195122,0,26,282.5,1,1,1.5,84.5,0,0,0,0,0,1.26829268292683,-3.44512195121951,0,0.2,0.289634146341463,0.089634146341464,0.7,0.923780487804878,0.223780487804878
137,Nelson Agholor,LV,WR,0,0,0,0,0,0,2,2,21,0.5,NE,3,25,260.5,2,0,2,124.5,0,0,0,0,0,0.08,0.080614203454895,0.25,20.5,239.5,2.5,2,0.5,120.5,0,0,0,0,0,1.64,19.3071017274472,0.625,6.1,6.50071017274472,0.400710172744723,7.1,7.32071017274472,0.220710172744722
138,Randall Cobb,HOU,WR,0,0,0,0,0,0,2,7,41,0,PIT,3,22.5,264,1,1,1,84.5,0,0,0,0,0,0.311111111111111,0.15530303030303,0,22.5,277.5,2,1.5,0,66.5,0,0,0,0,0,7,43.0965909090909,0,7.6,7.80965909090909,0.20965909090909,11.1,11.3096590909091,0.209659090909088
139,Patrick Laird,MIA,RB,0,0,0,0,0,0,2,2,4.5,0,JAC,3,25.5,259.5,1,1.5,1,93,0,0,0,0,0,0.07843137254902,0.017341040462428,0,27,301,2.5,1,0.5,105.5,0,0,0,0,0,2.11764705882353,5.21965317919075,0,1.45,1.58078884733084,0.13078884733084,2.45,2.6396123767426,0.189612376742605
140,Latavius Murray,NO,RB,0,0,0,31,0,0,2,2,9.5,0,GB,3,22.5,255,1.5,0.5,1.5,97,0,0,0,0.319587628865979,0,0.088888888888889,0.037254901960784,0,19.5,251.5,2,1,1.5,111.5,0,0,0,35.6340206185567,0,1.73333333333333,9.36960784313725,0,5.05,5.36702951283606,0.317029512836062,6.05,6.23369617950273,0.183696179502729
141,Lamical Perine,NYJ,RB,0,0,0,17,0,0,1,0,0,0,IND,3,21,197,1,0.5,0.5,78,0,0,0,0.217948717948718,0,0,0,0,15,143,1.5,1.5,0.5,85.5,0,0,0,18.6346153846154,0,0,0,0,1.7,1.86346153846154,0.163461538461538,1.7,1.86346153846154,0.163461538461538
142,Royce Freeman,DEN,RB,0,0,0,10,0,0,2,1,6,0,TB,3,20.5,246,1.5,0.5,0.5,105.5,0,0,0,0.09478672985782,0,0.048780487804878,0.024390243902439,0,26,282.5,1,1,1.5,84.5,0,0,0,8.00947867298578,0,1.26829268292683,6.89024390243903,0,2.1,2.1241185990059,0.024118599005895,2.6,2.75826494046931,0.15826494046931
143,Taysom Hill,NO,QB,19,0,0,10.5,0,0,2,0,0,0,GB,3,22.5,255,1.5,0.5,1.5,97,0.074509803921569,0,0,0.108247422680412,0,0,0,0,19.5,251.5,2,1,1.5,111.5,18.7392156862745,0,0,12.069587628866,0,0,0,0,1.81,1.95652739033758,0.146527390337579,1.81,1.95652739033758,0.146527390337579
144,Rex Burkhead,NE,RB,0,0,0,17,0,0,2,4,23.5,0,LV,3,22.5,276,0.5,0.5,2.5,142,0,0,0,0.119718309859155,0,0.177777777777778,0.085144927536232,0,24,290.5,1,0.5,2,120.5,0,0,0,14.4260563380282,0,4.26666666666667,24.7346014492754,0,6.05,6.04939911206369,-0.000600887936314,8.05,8.18273244539702,0.13273244539702
145,Khari Blasingame,TEN,RB,0,0,0,0,0,0,2,1,2.5,0,MIN,3,23.5,244,3,0,0,126.5,0,0,0,0,0,0.042553191489362,0.010245901639344,0,25.5,289,2.5,0.5,1,154.5,0,0,0,0,0,1.08510638297872,2.96106557377049,0,0.75,0.838659748866411,0.088659748866411,1.25,1.38121294035577,0.131212940355773
146,Virgil Green,LAC,TE,0,0,0,0,0,0,2,1,5,0,CAR,3,19,259.5,0.5,0.5,1,169,0,0,0,0,0,0.052631578947369,0.019267822736031,0,22.5,228,1,0.5,3,127.5,0,0,0,0,0,1.18421052631579,4.39306358381503,0,1,1.0314116215394,0.031411621539398,1.5,1.62351688469729,0.123516884697292
147,Marlon Mack,IND,RB,0,0,0,26,0,0,1,3,30,0,NYJ,3,27.5,288.5,1,1.5,1,119.5,0,0,0,0.217573221757322,0,0.109090909090909,0.103986135181976,0,27.5,257,2,0.5,1.5,140,0,0,0,30.4602510460251,0,3,26.7244367417678,0,7.1,7.21846877877929,0.118468778779288,8.6,8.71846877877929,0.118468778779288
148,Jason Huntley,PHI,RB,0,0,0,1,0,0,1,0,0,0,CIN,3,25,256,1,2,1,89,0,0,0,0.01123595505618,0,0,0,0,16,213.5,1,0.5,2,185,0,0,0,2.07865168539326,0,0,0,0,0.1,0.207865168539326,0.107865168539326,0.1,0.207865168539326,0.107865168539326
149,Senorise Perry,TEN,RB,0,0,0,4.5,0,0,2,0,0,0,MIN,3,23.5,244,3,0,0,126.5,0,0,0,0.035573122529644,0,0,0,0,25.5,289,2.5,0.5,1,154.5,0,0,0,5.49604743083004,0,0,0,0,0.45,0.549604743083004,0.099604743083004,0.45,0.549604743083004,0.099604743083004
150,Adam Shaheen,MIA,TE,0,0,0,0,0,0,2,1,2,0,JAC,3,25.5,259.5,1,1.5,1,93,0,0,0,0,0,0.03921568627451,0.007707129094412,0,27,301,2.5,1,0.5,105.5,0,0,0,0,0,1.05882352941176,2.31984585741811,0,0.7,0.761396350447694,0.061396350447694,1.2,1.29080811515358,0.090808115153576
151,Ryan Tannehill,TEN,QB,244,3,0,13,0,0,2,0,0,0,MIN,3,23.5,244,3,0,0,126.5,1,1,0,0.102766798418972,0,0,0,0,25.5,289,2.5,0.5,1,154.5,289,2.5,0,15.8774703557312,0,0,0,0,23.06,23.1477470355731,0.087747035573127,23.06,23.1477470355731,0.087747035573127
152,Jakobi Meyers,NE,WR,0,0,0,0,0,0,2,1,3.5,0,LV,3,22.5,276,0.5,0.5,2.5,142,0,0,0,0,0,0.044444444444445,0.01268115942029,0,24,290.5,1,0.5,2,120.5,0,0,0,0,0,1.06666666666667,3.6838768115942,0,0.85,0.901721014492754,0.051721014492754,1.35,1.43505434782609,0.085054347826087
153,Jeremy McNichols,TEN,RB,0,0,0,3.5,0,0,2,0,0,0,MIN,3,23.5,244,3,0,0,126.5,0,0,0,0.027667984189723,0,0,0,0,25.5,289,2.5,0.5,1,154.5,0,0,0,4.27470355731225,0,0,0,0,0.35,0.427470355731225,0.077470355731225,0.35,0.427470355731225,0.077470355731225
154,Tim Boyle,GB,QB,0,0,0,-1.5,0,0,2,0,0,0,NO,3,25,302,3,0,1.5,208.5,0,0,0,-0.007194244604317,0,0,0,0,25.5,260.5,2.5,1,1,101,0,0,0,-0.726618705035971,0,0,0,0,-0.15,-0.072661870503597,0.077338129496403,-0.15,-0.072661870503597,0.077338129496403
155,Deshaun Watson,HOU,QB,264,1,2,22,0.5,0,2,0,0,0,PIT,3,22.5,264,1,1,1,84.5,1,1,2,0.260355029585799,0.5,0,0,0,22.5,277.5,2,1.5,0,66.5,277.5,2,3,17.3136094674556,0,0,0,0,17.76,17.8313609467456,0.071360946745561,17.76,17.8313609467456,0.071360946745561
156,Robert Griffin III,BAL,QB,9,0,0,-1,0,0,1,0,0,0,KC,3,19.5,244,2,0,1.5,170.5,0.036885245901639,0,0,-0.005865102639296,0,0,0,0,21,282,1,1,1.5,150.5,10.4016393442623,0,0,-0.882697947214076,0,0,0,0,0.26,0.327795779049084,0.067795779049084,0.26,0.327795779049084,0.067795779049084
157,C.J. Ham,MIN,RB,0,0,0,2,0,0,2,0,0,0,TEN,3,15,186,1,2,1.5,107,0,0,0,0.018691588785047,0,0,0,0,26,277.5,2,1,1,136,0,0,0,2.54205607476635,0,0,0,0,0.2,0.254205607476635,0.054205607476636,0.2,0.254205607476635,0.054205607476636
158,Lynn Bowden Jr.,MIA,RB,0,0,0,0,0,0,1,1,-1,0,JAC,3,25.5,259.5,1,1.5,1,93,0,0,0,0,0,0.03921568627451,-0.003853564547206,0,27,301,2.5,1,0.5,105.5,0,0,0,0,0,1.05882352941176,-1.15992292870906,0,0.4,0.413419471834977,0.013419471834977,0.9,0.942831236540859,0.042831236540859
159,Kenny Stills,HOU,WR,0,0,0,0,0,0,2,2,8,0,PIT,3,22.5,264,1,1,1,84.5,0,0,0,0,0,0.088888888888889,0.03030303030303,0,22.5,277.5,2,1.5,0,66.5,0,0,0,0,0,2,8.40909090909091,0,1.8,1.84090909090909,0.040909090909091,2.8,2.84090909090909,0.040909090909091
160,Chris Streveler,ARI,QB,0,0,0,1.5,0,0,2,0,0,0,DET,3,26,258,1,1,2,170,0,0,0,0.008823529411765,0,0,0,0,19,241,2.5,0,1,204,0,0,0,1.8,0,0,0,0,0.15,0.18,0.03,0.15,0.18,0.03
161,James White,NE,RB,0,0,0,22,0,0,1,3,30,0,LV,3,22.5,276,0.5,0.5,2.5,142,0,0,0,0.154929577464789,0,0.133333333333333,0.108695652173913,0,24,290.5,1,0.5,2,120.5,0,0,0,18.669014084507,0,3.2,31.5760869565217,0,6.7,6.62451010410288,-0.075489895897122,8.2,8.22451010410288,0.024510104102879
162,DeAndre Carter,HOU,WR,0,0,0,0,0,0,2,1,4,0,PIT,3,22.5,264,1,1,1,84.5,0,0,0,0,0,0.044444444444445,0.015151515151515,0,22.5,277.5,2,1.5,0,66.5,0,0,0,0,0,1,4.20454545454546,0,0.9,0.920454545454546,0.020454545454546,1.4,1.42045454545455,0.020454545454546
163,Jared Cook,NO,TE,0,0,0,0,0,0,2,7,46.5,0.5,GB,3,22.5,255,1.5,0.5,1.5,97,0,0,0,0,0,0.311111111111111,0.182352941176471,0.333333333333333,19.5,251.5,2,1,1.5,111.5,0,0,0,0,0,6.06666666666667,45.8617647058824,0.666666666666667,11.15,11.6195098039216,0.469509803921568,14.65,14.6528431372549,0.002843137254901
164,Marcedes Lewis,GB,TE,0,0,0,0,0,0,2,1,2,0,NO,3,25,302,3,0,1.5,208.5,0,0,0,0,0,0.04,0.006622516556291,0,25.5,260.5,2.5,1,1,101,0,0,0,0,0,1.02,1.72516556291391,0,0.7,0.682516556291391,-0.017483443708609,1.2,1.19251655629139,-0.007483443708609
165,Jeff Wilson Jr.,SF,RB,0,0,0,1.5,0,0,2,0,0,0,NYG,3,20.5,230.5,2,0.5,1,152.5,0,0,0,0.009836065573771,0,0,0,0,19.5,209.5,2.5,1,0,138,0,0,0,1.35737704918033,0,0,0,0,0.15,0.135737704918033,-0.014262295081967,0.15,0.135737704918033,-0.014262295081967
166,Robert Woods,LAR,WR,0,0,0,16.5,0.5,0,2,8,59.5,0,BUF,3,20,271,1.5,0.5,2,172,0,0,0,0.09593023255814,0.25,0.4,0.219557195571956,0,26,271.5,1.5,0.5,1,75.5,0,0,0,7.24273255813954,0.25,10.4,59.609778597786,0,14.6,13.3852511155926,-1.21474888440745,18.6,18.5852511155926,-0.01474888440745
167,Ashton Dulin,IND,WR,0,0,0,0,0,0,2,1,3,0,NYJ,3,27.5,288.5,1,1.5,1,119.5,0,0,0,0,0,0.036363636363636,0.010398613518198,0,27.5,257,2,0.5,1.5,140,0,0,0,0,0,1,2.67244367417678,0,0.8,0.767244367417678,-0.032755632582322,1.3,1.26724436741768,-0.032755632582322
168,Anthony Sherman,KC,RB,0,0,0,1,0,0,2,0,0,0,BAL,3,25.5,256.5,2.5,0,0.5,145.5,0,0,0,0.006872852233677,0,0,0,0,23,232,1,1,0,94.5,0,0,0,0.649484536082474,0,0,0,0,0.1,0.064948453608248,-0.035051546391753,0.1,0.064948453608248,-0.035051546391753
169,Phillip Lindsay,DEN,RB,0,0,0,24,0,0,1,1,11,0,TB,3,20.5,246,1.5,0.5,0.5,105.5,0,0,0,0.227488151658768,0,0.048780487804878,0.044715447154472,0,26,282.5,1,1,1.5,84.5,0,0,0,19.2227488151659,0,1.26829268292683,12.6321138211382,0,4,3.81963260509382,-0.180367394906177,4.5,4.45377894655724,-0.046221053442761
170,Ross Dwelley,SF,TE,0,0,0,0,0,0,2,1,2.5,0,NYG,3,20.5,230.5,2,0.5,1,152.5,0,0,0,0,0,0.048780487804878,0.010845986984816,0,19.5,209.5,2.5,1,0,138,0,0,0,0,0,0.951219512195122,2.27223427331887,0,0.75,0.702833183429448,-0.047166816570552,1.25,1.17844293952701,-0.071557060472991
171,D'Ernest Johnson,CLE,RB,0,0,0,2.5,0,0,2,0,0,0,WAS,3,18.5,204,1.5,1,1.5,176.5,0,0,0,0.014164305949009,0,0,0,0,25,278,1.5,1.5,1,108.5,0,0,0,1.53682719546742,0,0,0,0,0.25,0.153682719546742,-0.096317280453258,0.25,0.153682719546742,-0.096317280453258
172,Joe Reed,LAC,WR,0,0,0,4,0,0,2,0,0,0,CAR,3,19,259.5,0.5,0.5,1,169,0,0,0,0.023668639053255,0,0,0,0,22.5,228,1,0.5,3,127.5,0,0,0,3.01775147928994,0,0,0,0,0.4,0.301775147928994,-0.098224852071006,0.4,0.301775147928994,-0.098224852071006
173,Justin Jackson,LAC,RB,0,0,0,4,0,0,1,0,0,0,CAR,3,19,259.5,0.5,0.5,1,169,0,0,0,0.023668639053255,0,0,0,0,22.5,228,1,0.5,3,127.5,0,0,0,3.01775147928994,0,0,0,0,0.4,0.301775147928994,-0.098224852071006,0.4,0.301775147928994,-0.098224852071006
174,Collin Johnson,JAC,WR,0,0,0,0,0,0,2,1,7,0,MIA,3,24.5,256,3,1,0.5,128,0,0,0,0,0,0.040816326530612,0.02734375,0,19.5,286,2,0,1.5,164,0,0,0,0,0,0.795918367346939,7.8203125,0,1.2,1.17999043367347,-0.020009566326531,1.7,1.57794961734694,-0.122050382653061
175,J.J. Taylor,NE,RB,0,0,0,13.5,0,0,2,1,2,0,LV,3,22.5,276,0.5,0.5,2.5,142,0,0,0,0.095070422535211,0,0.044444444444445,0.007246376811594,0,24,290.5,1,0.5,2,120.5,0,0,0,11.455985915493,0,1.06666666666667,2.10507246376812,0,2.05,1.88943917125944,-0.16056082874056,2.55,2.42277250459277,-0.127227495407226
176,Adrian Peterson,DET,RB,0,0,0,67,0,0,2,3,10.5,0,ARI,3,22,270.5,1.5,1,1,113.5,0,0,0,0.590308370044053,0,0.136363636363636,0.038817005545287,0,19,241,1.5,0,0.5,120,0,0,0,70.8370044052864,0,2.59090909090909,9.35489833641405,0,9.25,9.31464481962459,0.064644819624586,10.75,10.6100993650791,-0.139900634920869
177,Josh Hill,NO,TE,0,0,0,0,0,0,2,1,8,0,GB,3,22.5,255,1.5,0.5,1.5,97,0,0,0,0,0,0.044444444444445,0.031372549019608,0,19.5,251.5,2,1,1.5,111.5,0,0,0,0,0,0.866666666666667,7.89019607843137,0,1.3,1.22235294117647,-0.077647058823529,1.8,1.6556862745098,-0.144313725490196
178,Josiah Deguara,GB,TE,0,0,0,0,0,0,1,1,12,0,NO,3,25,302,3,0,1.5,208.5,0,0,0,0,0,0.04,0.039735099337748,0,25.5,260.5,2.5,1,1,101,0,0,0,0,0,1.02,10.3509933774834,0,1.7,1.54509933774834,-0.154900662251656,2.2,2.05509933774834,-0.144900662251656
179,Adam Trautman,NO,TE,0,0,0,0,0,0,2,1,8.5,0,GB,3,22.5,255,1.5,0.5,1.5,97,0,0,0,0,0,0.044444444444445,0.033333333333333,0,19.5,251.5,2,1,1.5,111.5,0,0,0,0,0,0.866666666666667,8.38333333333333,0,1.35,1.27166666666667,-0.078333333333333,1.85,1.705,-0.145
180,Seth Roberts,CAR,WR,0,0,0,0,0,0,2,1,2.5,0,LAC,3,27.5,318,0.5,1,2,108,0,0,0,0,0,0.036363636363636,0.007861635220126,0,25,247.5,1,0.5,0.5,123.5,0,0,0,0,0,0.909090909090909,1.94575471698113,0,0.75,0.649120926243568,-0.100879073756432,1.25,1.10366638078902,-0.146333619210978
181,Mark Ingram II,BAL,RB,0,0,0,42,0.5,0,2,2,11,0,KC,3,19.5,244,2,0,1.5,170.5,0,0,0,0.24633431085044,0.333333333333333,0.102564102564103,0.045081967213115,0,21,282,1,1,1.5,150.5,0,0,0,37.0733137829912,0.5,2.15384615384615,12.7131147540984,0,9.3,9.05556593063203,-0.244434069367966,10.3,10.1324890075551,-0.167510992444889
182,Bruce Miller,JAC,TE,0,0,0,0,0,0,2,1,1,0,MIA,3,24.5,256,3,1,0.5,128,0,0,0,0,0,0.040816326530612,0.00390625,0,19.5,286,2,0,1.5,164,0,0,0,0,0,0.795918367346939,1.1171875,0,0.6,0.509677933673469,-0.090322066326531,1.1,0.907637117346938,-0.192362882653061
183,Keith Smith,ATL,RB,0,0,0,1,0,0,2,1,0.5,0,CHI,3,30.5,361.5,3,0.5,0.5,92.5,0,0,0,0.010810810810811,0,0.032786885245902,0.001383125864454,0,24.5,269,0.5,1,1,106.5,0,0,0,1.15135135135135,0,0.80327868852459,0.372060857538036,0,0.65,0.553980565151234,-0.096019434848766,1.15,0.955619909413529,-0.194380090586471
184,Jacob Hollister,SEA,TE,0,0,0,0,0,0,2,1,4.5,0,DAL,3,26,305,4.5,0.5,0.5,119,0,0,0,0,0,0.038461538461539,0.014754098360656,0,22,274,2,0.5,1,133,0,0,0,0,0,0.846153846153846,4.04262295081967,0,0.95,0.82733921815889,-0.12266078184111,1.45,1.25041614123581,-0.199583858764187
185,Travis Homer,SEA,RB,0,0,0,10,0,0,2,2,2,0,DAL,3,26,305,4.5,0.5,0.5,119,0,0,0,0.084033613445378,0,0.076923076923077,0.00655737704918,0,22,274,2,0.5,1,133,0,0,0,11.1764705882353,0,1.69230769230769,1.79672131147541,0,2.2,2.14347303612492,-0.056526963875083,3.2,2.98962688227876,-0.210373117721237
186,Levine Toilolo,NYG,TE,0,0,0,0,0,0,2,1,6.5,0,SF,3,25.5,260,1,1.5,0.5,52,0,0,0,0,0,0.03921568627451,0.025,0,23.5,204.5,1,0.5,1,142,0,0,0,0,0,0.92156862745098,5.1125,0,1.15,0.97203431372549,-0.17796568627451,1.65,1.43281862745098,-0.217181372549019
187,J.K. Dobbins,BAL,RB,0,0,0,35,1,0,2,1,6.5,0,KC,3,19.5,244,2,0,1.5,170.5,0,0,0,0.205278592375367,0.666666666666667,0.051282051282051,0.026639344262295,0,21,282,1,1,1.5,150.5,0,0,0,30.8944281524927,1,1.07692307692308,7.51229508196721,0,10.65,10.3791338619075,-0.270866138092474,11.15,10.9175954003691,-0.232404599630936
188,Alex Armah,CAR,RB,0,0,0,0.5,0,0,2,1,7,0,LAC,3,27.5,318,0.5,1,2,108,0,0,0,0.00462962962963,0,0.036363636363636,0.022012578616352,0,25,247.5,1,0.5,0.5,123.5,0,0,0,0.571759259259259,0,0.909090909090909,5.44811320754717,0,1.25,1.0565327012261,-0.193467298773903,1.75,1.51107815577155,-0.238921844228448
189,Parris Campbell,IND,WR,0,0,0,8,0,0,2,6,35.5,0,NYJ,3,27.5,288.5,1,1.5,1,119.5,0,0,0,0.066945606694561,0,0.218181818181818,0.123050259965338,0,27.5,257,2,0.5,1.5,140,0,0,0,9.37238493723849,0,6,31.6239168110919,0,7.35,7.09963017483303,-0.250369825166965,10.35,10.099630174833,-0.250369825166965
190,Michael Pittman Jr.,IND,WR,0,0,0,0,0,0,2,6,23.5,0,NYJ,3,27.5,288.5,1,1.5,1,119.5,0,0,0,0,0,0.218181818181818,0.081455805892548,0,27.5,257,2,0.5,1.5,140,0,0,0,0,0,6,20.9341421143848,0,5.35,5.09341421143848,-0.256585788561525,8.35,8.09341421143848,-0.256585788561525
191,Alvin Kamara,NO,RB,0,0,0,47.5,1.5,0,2,14,73,0.5,GB,3,22.5,255,1.5,0.5,1.5,97,0,0,0,0.489690721649485,1,0.622222222222222,0.286274509803922,0.333333333333333,19.5,251.5,2,1,1.5,111.5,0,0,0,54.6005154639175,1.5,12.1333333333333,71.9980392156863,0.666666666666667,31.05,31.726522134627,0.676522134627046,38.05,37.7931888012937,-0.256811198706281
192,Gardner Minshew II,JAC,QB,256,3,2,19,0,0,2,0,0,0,MIA,3,24.5,256,3,1,0.5,128,1,1,2,0.1484375,0,0,0,0,19.5,286,2,0,1.5,164,286,2,0,24.34375,0,0,0,0,22.14,21.874375,-0.265625000000004,22.14,21.874375,-0.265625000000004
193,Trent Taylor,SF,WR,0,0,0,0,0,0,2,4,8.5,0,NYG,3,20.5,230.5,2,0.5,1,152.5,0,0,0,0,0,0.195121951219512,0.036876355748373,0,19.5,209.5,2.5,1,0,138,0,0,0,0,0,3.80487804878049,7.72559652928416,0,2.85,2.67499867731866,-0.17500132268134,4.85,4.5774377017089,-0.272562298291096
194,Brandon Aiyuk,SF,WR,0,0,0,0,0,0,1,2,21,0,NYG,3,20.5,230.5,2,0.5,1,152.5,0,0,0,0,0,0.097560975609756,0.091106290672451,0,19.5,209.5,2.5,1,0,138,0,0,0,0,0,1.90243902439024,19.0867678958785,0,3.1,2.85989630178297,-0.240103698217025,4.1,3.8111158139781,-0.288884186021903
195,Duke Johnson Jr.,HOU,RB,0,0,0,14,0,0,1,0,0,0,PIT,3,22.5,264,1,1,1,84.5,0,0,0,0.165680473372781,0,0,0,0,22.5,277.5,2,1.5,0,66.5,0,0,0,11.0177514792899,0,0,0,0,1.4,1.10177514792899,-0.298224852071006,1.4,1.10177514792899,-0.298224852071006
196,Foster Moreau,LV,TE,0,0,0,0,0,0,2,1,15.5,0,NE,3,25,260.5,2,0,2,124.5,0,0,0,0,0,0.04,0.059500959692898,0,20.5,239.5,2.5,2,0.5,120.5,0,0,0,0,0,0.82,14.2504798464491,0,2.05,1.83504798464491,-0.214952015355086,2.55,2.24504798464491,-0.304952015355086
197,Ty Montgomery,NO,RB,0,0,0,-2,0,0,2,2,12.5,0,GB,3,22.5,255,1.5,0.5,1.5,97,0,0,0,-0.020618556701031,0,0.088888888888889,0.049019607843137,0,19.5,251.5,2,1,1.5,111.5,0,0,0,-2.29896907216495,0,1.73333333333333,12.328431372549,0,2.05,1.86961289670507,-0.180387103294926,3.05,2.73627956337174,-0.313720436628259
198,Willie Snead IV,BAL,WR,0,0,0,0,0,0,2,6,46.5,0.5,KC,3,19.5,244,2,0,1.5,170.5,0,0,0,0,0,0.307692307692308,0.190573770491803,0.25,21,282,1,1,1.5,150.5,0,0,0,0,0,6.46153846153846,53.7418032786885,0.25,10.65,10.1049495586381,-0.545050441361918,13.65,13.3357187894073,-0.314281210592686
199,Chris Manhertz,CAR,TE,0,0,0,0,0,0,2,2,6,0,LAC,3,27.5,318,0.5,1,2,108,0,0,0,0,0,0.072727272727273,0.018867924528302,0,25,247.5,1,0.5,0.5,123.5,0,0,0,0,0,1.81818181818182,4.66981132075472,0,1.6,1.37607204116638,-0.223927958833619,2.6,2.28516295025729,-0.31483704974271
200,Ronald Jones II,TB,RB,0,0,0,44.5,0.5,0,2,4,10,0,DEN,3,23,228,1.5,1.5,2,104,0,0,0,0.427884615384615,0.25,0.173913043478261,0.043859649122807,0,29,280,2,0.5,0.5,119.5,0,0,0,51.1322115384615,0.125,5.04347826086957,12.280701754386,0,10.45,9.61303045971953,-0.836969540280467,12.45,12.1347695901543,-0.315230409845684
201,Jaylen Samuels,PIT,RB,0,0,0,1,0,0,2,2,2.5,0,HOU,3,25,270,2.5,0.5,0.5,125,0,0,0,0.008,0,0.08,0.009259259259259,0,21,207.5,2,0,1,198,0,0,0,1.584,0,1.68,1.9212962962963,0,1.35,1.19052962962963,-0.159470370370371,2.35,2.03052962962963,-0.31947037037037
202,Olamide Zaccheaus,ATL,WR,0,0,0,0,0,0,2,1,5,0,CHI,3,30.5,361.5,3,0.5,0.5,92.5,0,0,0,0,0,0.032786885245902,0.013831258644537,0,24.5,269,0.5,1,1,106.5,0,0,0,0,0,0.80327868852459,3.72060857538036,0,1,0.773700201800331,-0.226299798199669,1.5,1.17533954606263,-0.324660453937374
203,John Hightower,PHI,WR,0,0,0,0,0,0,2,1,-1,0,CIN,3,25,256,1,2,1,89,0,0,0,0,0,0.04,-0.00390625,0,16,213.5,1,0.5,2,185,0,0,0,0,0,0.64,-0.833984375,0,0.4,0.2366015625,-0.1633984375,0.9,0.5566015625,-0.3433984375
204,Ian Thomas,CAR,TE,0,0,0,0,0,0,2,2,8,0,LAC,3,27.5,318,0.5,1,2,108,0,0,0,0,0,0.072727272727273,0.025157232704403,0,25,247.5,1,0.5,0.5,123.5,0,0,0,0,0,1.81818181818182,6.22641509433962,0,1.8,1.53173241852487,-0.268267581475128,2.8,2.44082332761578,-0.359176672384219
205,Darwin Thompson,KC,RB,0,0,0,10.5,0,0,2,0,0,0,BAL,3,25.5,256.5,2.5,0,0.5,145.5,0,0,0,0.072164948453608,0,0,0,0,23,232,1,1,0,94.5,0,0,0,6.81958762886598,0,0,0,0,1.05,0.681958762886598,-0.368041237113402,1.05,0.681958762886598,-0.368041237113402
206,Wayne Gallman,NYG,RB,0,0,0,0,0,0,1,1,14,0,SF,3,25.5,260,1,1.5,0.5,52,0,0,0,0,0,0.03921568627451,0.053846153846154,0,23.5,204.5,1,0.5,1,142,0,0,0,0,0,0.92156862745098,11.0115384615385,0,1.9,1.56193815987934,-0.338061840120664,2.4,2.02272247360483,-0.377277526395174
207,Jason Witten,LV,TE,0,0,0,0,0,0,2,2,2.5,0,NE,3,25,260.5,2,0,2,124.5,0,0,0,0,0,0.08,0.009596928982726,0,20.5,239.5,2.5,2,0.5,120.5,0,0,0,0,0,1.64,2.29846449136276,0,1.25,1.04984644913628,-0.200153550863724,2.25,1.86984644913628,-0.380153550863723
208,Vance McDonald,PIT,TE,0,0,0,0,0,0,2,2,3,0,HOU,3,25,270,2.5,0.5,0.5,125,0,0,0,0,0,0.08,0.011111111111111,0,21,207.5,2,0,1,198,0,0,0,0,0,1.68,2.30555555555556,0,1.3,1.07055555555556,-0.229444444444445,2.3,1.91055555555556,-0.389444444444444
209,Kyle Juszczyk,SF,RB,0,0,0,3.5,0,0,2,3,23.5,0,NYG,3,20.5,230.5,2,0.5,1,152.5,0,0,0,0.022950819672131,0,0.146341463414634,0.101952277657267,0,19.5,209.5,2.5,1,0,138,0,0,0,3.1672131147541,0,2.85365853658537,21.3590021691974,0,4.2,3.87945079668783,-0.320549203312168,5.7,5.30628006498052,-0.393719935019485
210,Devin Singletary,BUF,RB,0,0,0,43,0,0,2,7,21.5,0,LAR,3,28.5,364.5,3,0,0.5,104.5,0,0,0,0.411483253588517,0,0.245614035087719,0.058984910836763,0,25.5,254,0.5,1,1.5,128.5,0,0,0,52.8755980861244,0,6.26315789473684,14.9821673525377,0,9.95,9.91735549123463,-0.032644508765367,13.45,13.0489344386031,-0.401065561396948
211,MyCole Pruitt,TEN,TE,0,0,0,0,0,0,2,1,0.5,0.5,MIN,3,23.5,244,3,0,0,126.5,0,0,0,0,0,0.042553191489362,0.002049180327869,0.166666666666667,25.5,289,2.5,0.5,1,154.5,0,0,0,0,0,1.08510638297872,0.592213114754098,0.416666666666667,3.55,3.10177450296477,-0.448225497035228,4.05,3.64432769445413,-0.405672305545867
212,Deonte Harris,NO,WR,0,0,0,10,0,0,2,4,20,0,GB,3,22.5,255,1.5,0.5,1.5,97,0,0,0,0.103092783505155,0,0.177777777777778,0.07843137254902,0,19.5,251.5,2,1,1.5,111.5,0,0,0,11.4948453608247,0,3.46666666666667,19.7254901960784,0,5,4.85536688902365,-0.144633110976349,7,6.58870022235699,-0.411299777643015
213,Michael Thomas,NO,WR,0,0,0,0,0,0,1,3,17,0,GB,3,22.5,255,1.5,0.5,1.5,97,0,0,0,0,0,0.133333333333333,0.066666666666667,0,19.5,251.5,2,1,1.5,111.5,0,0,0,0,0,2.6,16.7666666666667,0,3.2,2.97666666666667,-0.223333333333334,4.7,4.27666666666667,-0.423333333333333
214,Ito Smith,ATL,RB,0,0,0,12,0,0,2,3,1,0,CHI,3,30.5,361.5,3,0.5,0.5,92.5,0,0,0,0.12972972972973,0,0.098360655737705,0.002766251728907,0,24.5,269,0.5,1,1,106.5,0,0,0,13.8162162162162,0,2.40983606557377,0.744121715076072,0,2.8,2.66095182591611,-0.139048174083886,4.3,3.865869858703,-0.434130141297
215,T.Y. Hilton,IND,WR,0,0,0,0,0,0,2,7,40.5,0,NYJ,3,27.5,288.5,1,1.5,1,119.5,0,0,0,0,0,0.254545454545454,0.140381282495667,0,27.5,257,2,0.5,1.5,140,0,0,0,0,0,7,36.0779896013865,0,7.55,7.10779896013865,-0.442201039861351,11.05,10.6077989601386,-0.442201039861352
216,Tevin Coleman,SF,RB,0,0,0,15,0,0,2,3,17,0,NYG,3,20.5,230.5,2,0.5,1,152.5,0,0,0,0.098360655737705,0,0.146341463414634,0.073752711496746,0,19.5,209.5,2.5,1,0,138,0,0,0,13.5737704918033,0,2.85365853658537,15.4511930585683,0,4.7,4.32932562332984,-0.370674376670157,6.2,5.75615489162253,-0.443845108377474
217,Kaden Smith,NYG,TE,0,0,0,0,0,0,2,4,8,0,SF,3,25.5,260,1,1.5,0.5,52,0,0,0,0,0,0.156862745098039,0.030769230769231,0,23.5,204.5,1,0.5,1,142,0,0,0,0,0,3.68627450980392,6.29230769230769,0,2.8,2.47236802413273,-0.32763197586727,4.8,4.31550527903469,-0.484494720965309
218,Mecole Hardman,KC,WR,0,0,0,1.5,0,0,2,3,18,0,BAL,3,25.5,256.5,2.5,0,0.5,145.5,0,0,0,0.010309278350516,0,0.117647058823529,0.070175438596491,0,23,232,1,1,0,94.5,0,0,0,0.974226804123711,0,2.70588235294118,16.280701754386,0,3.45,3.07843403232156,-0.371565967678444,4.95,4.43137520879214,-0.518624791207856
219,Gus Edwards,BAL,RB,0,0,0,45,0,0,2,0,0,0,KC,3,19.5,244,2,0,1.5,170.5,0,0,0,0.263929618768328,0,0,0,0,21,282,1,1,1.5,150.5,0,0,0,39.7214076246334,0,0,0,0,4.5,3.97214076246334,-0.527859237536657,4.5,3.97214076246334,-0.527859237536657
220,Jack Doyle,IND,TE,0,0,0,0,0,0,1,3,49,0,NYJ,3,27.5,288.5,1,1.5,1,119.5,0,0,0,0,0,0.109090909090909,0.169844020797227,0,27.5,257,2,0.5,1.5,140,0,0,0,0,0,3,43.6499133448874,0,6.4,5.86499133448874,-0.535008665511265,7.9,7.36499133448874,-0.535008665511265
221,Marvin Hall,DET,WR,0,0,0,0,0,0,2,2,25,0.5,ARI,3,22,270.5,1.5,1,1,113.5,0,0,0,0,0,0.090909090909091,0.092421441774492,0.333333333333333,19,241,1.5,0,0.5,120,0,0,0,0,0,1.72727272727273,22.2735674676525,0.5,6.5,6.09099311040161,-0.409006889598386,7.5,6.95462947403798,-0.545370525962023
222,Will Dissly,SEA,TE,0,0,0,0,0,0,2,3,8.5,0,DAL,3,26,305,4.5,0.5,0.5,119,0,0,0,0,0,0.115384615384615,0.027868852459016,0,22,274,2,0.5,1,133,0,0,0,0,0,2.53846153846154,7.63606557377049,0,2.35,2.03283732660782,-0.317162673392181,3.85,3.30206809583859,-0.547931904161412
223,Chris Herndon IV,NYJ,TE,0,0,0,0,0,1,2,7,21,0,IND,3,21,197,1,0.5,0.5,78,0,0,0,0,0,0.333333333333333,0.106598984771574,0,15,143,1.5,1.5,0.5,85.5,0,0,0,0,0,5,15.243654822335,0,3.6,4.0243654822335,0.424365482233503,7.1,6.5243654822335,-0.575634517766497
224,Robert Tonyan,GB,TE,0,0,0,0,0,0,2,2,12.5,0.5,NO,3,25,302,3,0,1.5,208.5,0,0,0,0,0,0.08,0.041390728476821,0.166666666666667,25.5,260.5,2.5,1,1,101,0,0,0,0,0,2.04,10.7822847682119,0.416666666666667,5.25,4.59822847682119,-0.651771523178808,6.25,5.61822847682119,-0.631771523178808
225,George Kittle,SF,TE,0,0,0,9,0,0,1,4,44,0,NYG,3,20.5,230.5,2,0.5,1,152.5,0,0,0,0.059016393442623,0,0.195121951219512,0.190889370932755,0,19.5,209.5,2.5,1,0,138,0,0,0,8.14426229508197,0,3.80487804878049,39.9913232104121,0,7.3,6.71599757493966,-0.584002425060345,9.3,8.6184365993299,-0.6815634006701
226,Chris Conley,JAC,WR,0,0,0,0,0,0,2,5,27,0,MIA,3,24.5,256,3,1,0.5,128,0,0,0,0,0,0.204081632653061,0.10546875,0,19.5,286,2,0,1.5,164,0,0,0,0,0,3.97959183673469,30.1640625,0,5.2,5.00620216836735,-0.193797831632653,7.7,6.99599808673469,-0.704001913265306
227,Mo Alie-Cox,IND,TE,0,0,0,0,0,0,2,7,65.5,0,NYJ,3,27.5,288.5,1,1.5,1,119.5,0,0,0,0,0,0.254545454545454,0.227036395147314,0,27.5,257,2,0.5,1.5,140,0,0,0,0,0,7,58.3483535528596,0,10.05,9.33483535528596,-0.715164644714038,13.55,12.834835355286,-0.71516464471404
228,Josh Adams,NYJ,RB,0,0,0,4,0.5,0,2,2,7,0,IND,3,21,197,1,0.5,0.5,78,0,0,0,0.051282051282051,1,0.095238095238095,0.035532994923858,0,15,143,1.5,1.5,0.5,85.5,0,0,0,4.38461538461538,0.5,1.42857142857143,5.08121827411168,0,5.1,4.66086908015842,-0.43913091984158,6.1,5.37515479444414,-0.724845205555866
229,Cam Newton,NE,QB,276,0.5,1,61,2,0,2,0,0,0,LV,3,22.5,276,0.5,0.5,2.5,142,1,1,2,0.429577464788732,0.8,0,0,0,24,290.5,1,0.5,2,120.5,290.5,1,1,51.7640845070422,1.6,0,0,0,30.14,29.3964084507042,-0.743591549295772,30.14,29.3964084507042,-0.743591549295772
230,Bryan Edwards,LV,WR,0,0,0,0,0,0,2,3,25.5,0,NE,3,25,260.5,2,0,2,124.5,0,0,0,0,0,0.12,0.0978886756238,0,20.5,239.5,2.5,2,0.5,120.5,0,0,0,0,0,2.46,23.4443378119002,0,4.05,3.57443378119002,-0.475566218809981,5.55,4.80443378119002,-0.745566218809982
231,Kendrick Bourne,SF,WR,0,0,0,0,0,0,2,6,50.5,0,NYG,3,20.5,230.5,2,0.5,1,152.5,0,0,0,0,0,0.292682926829268,0.219088937093275,0,19.5,209.5,2.5,1,0,138,0,0,0,0,0,5.70731707317073,45.8991323210412,0,8.05,7.44357176868949,-0.606428231310513,11.05,10.2972303052749,-0.752769694725147
232,Andy Isabella,ARI,WR,0,0,0,0,0,0,2,2,33.5,0,DET,3,26,258,1,1,2,170,0,0,0,0,0,0.076923076923077,0.12984496124031,0,19,241,2.5,0,1,204,0,0,0,0,0,1.46153846153846,31.2926356589147,0,4.35,3.8600327966607,-0.489967203339296,5.35,4.59080202742994,-0.759197972570065
233,Jared Goff,LAR,QB,271,1.5,1,14,0,0,2,0,0,0,BUF,3,20,271,1.5,0.5,2,172,1,1,2,0.081395348837209,0,0,0,0,26,271.5,1.5,0.5,1,75.5,271.5,1.5,1,6.1453488372093,0,0,0,0,17.24,16.4745348837209,-0.765465116279067,17.24,16.4745348837209,-0.765465116279067
234,James O'Shaughnessy,JAC,TE,0,0,0,0,0,0,2,5,20,0,MIA,3,24.5,256,3,1,0.5,128,0,0,0,0,0,0.204081632653061,0.078125,0,19.5,286,2,0,1.5,164,0,0,0,0,0,3.97959183673469,22.34375,0,4.5,4.22417091836735,-0.275829081632653,7,6.21396683673469,-0.786033163265306
235,Darrel Williams,KC,RB,0,0,0,11.5,0,0,2,3,9.5,0,BAL,3,25.5,256.5,2.5,0,0.5,145.5,0,0,0,0.079037800687285,0,0.117647058823529,0.037037037037037,0,23,232,1,1,0,94.5,0,0,0,7.46907216494845,0,2.70588235294118,8.59259259259259,0,3.6,2.95910765222469,-0.640892347775308,5.1,4.31204882869528,-0.787951171304719
236,AJ Dillon,GB,RB,0,0,0,15.5,0,0,2,0,0,0,NO,3,25,302,3,0,1.5,208.5,0,0,0,0.074340527577938,0,0,0,0,25.5,260.5,2.5,1,1,101,0,0,0,7.5083932853717,0,0,0,0,1.55,0.75083932853717,-0.79916067146283,1.55,0.75083932853717,-0.79916067146283
237,Demarcus Robinson,KC,WR,0,0,0,0,0,0,2,6,24,0,BAL,3,25.5,256.5,2.5,0,0.5,145.5,0,0,0,0,0,0.235294117647059,0.093567251461988,0,23,232,1,1,0,94.5,0,0,0,0,0,5.41176470588235,21.7076023391813,0,5.4,4.8766425868593,-0.523357413140696,8.4,7.58252493980048,-0.817475060199518
238,Brian Hill,ATL,RB,0,0,0,13,0,0,2,4,9.5,0,CHI,3,30.5,361.5,3,0.5,0.5,92.5,0,0,0,0.140540540540541,0,0.131147540983607,0.02627939142462,0,24.5,269,0.5,1,1,106.5,0,0,0,14.9675675675676,0,3.21311475409836,7.06915629322268,0,4.25,3.81022976312821,-0.439770236871794,6.25,5.41678714017739,-0.833212859822614
239,Kalen Ballage,NYJ,RB,0,0,0,5,0,0,1,2,12,0,IND,3,21,197,1,0.5,0.5,78,0,0,0,0.064102564102564,0,0.095238095238095,0.060913705583756,0,15,143,1.5,1.5,0.5,85.5,0,0,0,5.48076923076923,0,1.42857142857143,8.71065989847716,0,2.7,2.13342862721035,-0.566571372789647,3.7,2.84771434149607,-0.852285658503933
240,Tre'Quan Smith,NO,WR,0,0,0,0,0,0,2,6,45,0,GB,3,22.5,255,1.5,0.5,1.5,97,0,0,0,0,0,0.266666666666667,0.176470588235294,0,19.5,251.5,2,1,1.5,111.5,0,0,0,0,0,5.2,44.3823529411765,0,7.5,7.03823529411765,-0.461764705882352,10.5,9.63823529411765,-0.861764705882352
241,John Ross,CIN,WR,0,0,0,0,0,0,2,2,8.5,0,PHI,3,30,254.5,1.5,0.5,0.5,95,0,0,0,0,0,0.066666666666667,0.033398821218075,0,18.5,222.5,2,0,2,135.5,0,0,0,0,0,1.23333333333333,7.43123772102161,0,1.85,1.35979043876883,-0.490209561231172,2.85,1.97645710543549,-0.873542894564506
242,Devontae Booker,LV,RB,0,0,0,14,0,0,2,4,14.5,0,NE,3,25,260.5,2,0,2,124.5,0,0,0,0.112449799196787,0,0.16,0.055662188099808,0,20.5,239.5,2.5,2,0.5,120.5,0,0,0,13.5502008032129,0,3.28,13.331094049904,0,4.85,4.32812948531169,-0.521870514688312,6.85,5.96812948531169,-0.881870514688312
243,C.J. Board,NYG,WR,0,0,0,0,0,0,2,5,24.5,0,SF,3,25.5,260,1,1.5,0.5,52,0,0,0,0,0,0.196078431372549,0.094230769230769,0,23.5,204.5,1,0.5,1,142,0,0,0,0,0,4.6078431372549,19.2701923076923,0,4.95,4.23094079939668,-0.719059200603319,7.45,6.53486236802413,-0.915137631975868
244,Sterling Shepard,NYG,WR,0,0,0,3,0,0,2,8,38,0,SF,3,25.5,260,1,1.5,0.5,52,0,0,0,0.057692307692308,0,0.313725490196078,0.146153846153846,0,23.5,204.5,1,0.5,1,142,0,0,0,8.19230769230769,0,7.37254901960784,29.8884615384615,0,8.1,7.49435143288085,-0.605648567119155,12.1,11.1806259426848,-0.919374057315235
245,Christian Kirk,ARI,WR,0,0,0,1.5,0,0,2,3,28.5,0,DET,3,26,258,1,1,2,170,0,0,0,0.008823529411765,0,0.115384615384615,0.11046511627907,0,19,241,2.5,0,1,204,0,0,0,1.8,0,2.19230769230769,26.6220930232558,0,4.5,3.93836314847943,-0.561636851520572,6,5.03451699463327,-0.965483005366726
246,Henry Ruggs III,LV,WR,0,0,0,5.5,0,0,2,4,29.5,0,NE,3,25,260.5,2,0,2,124.5,0,0,0,0.044176706827309,0,0.16,0.113243761996161,0,20.5,239.5,2.5,2,0.5,120.5,0,0,0,5.32329317269076,0,3.28,27.1218809980806,0,5.5,4.88451741707714,-0.615482582922862,7.5,6.52451741707714,-0.975482582922862
247,Curtis Samuel,CAR,WR,0,0,0,15.5,0,0,2,7,25.5,0,LAC,3,27.5,318,0.5,1,2,108,0,0,0,0.143518518518519,0,0.254545454545454,0.080188679245283,0,25,247.5,1,0.5,0.5,123.5,0,0,0,17.724537037037,0,6.36363636363636,19.8466981132075,0,7.6,6.93894169684264,-0.661058303157359,11.1,10.1207598786608,-0.97924012133918
248,Tyler Ervin,GB,RB,0,0,0,19,0,0,2,2,5,0,NO,3,25,302,3,0,1.5,208.5,0,0,0,0.091127098321343,0,0.08,0.016556291390729,0,25.5,260.5,2.5,1,1,101,0,0,0,9.20383693045564,0,2.04,4.31291390728477,0,3.4,2.37167508377404,-1.02832491622596,4.4,3.39167508377404,-1.00832491622596
249,Braxton Berrios,NYJ,WR,0,0,0,0,0,0,2,6,29.5,0.5,IND,3,21,197,1,0.5,0.5,78,0,0,0,0,0,0.285714285714286,0.149746192893401,0.5,15,143,1.5,1.5,0.5,85.5,0,0,0,0,0,4.28571428571429,21.4137055837563,0.75,8.95,8.78422770123278,-0.165772298767221,11.95,10.9270848440899,-1.02291515591008
250,Sony Michel,NE,RB,0,0,0,28,0.5,0,2,0,0,0,LV,3,22.5,276,0.5,0.5,2.5,142,0,0,0,0.197183098591549,0.2,0,0,0,24,290.5,1,0.5,2,120.5,0,0,0,23.7605633802817,0.4,0,0,0,5.8,4.77605633802817,-1.02394366197183,5.8,4.77605633802817,-1.02394366197183
251,Hunter Renfrow,LV,WR,0,0,0,0,0,0,2,5,29,0,NE,3,25,260.5,2,0,2,124.5,0,0,0,0,0,0.2,0.111324376199616,0,20.5,239.5,2.5,2,0.5,120.5,0,0,0,0,0,4.1,26.6621880998081,0,5.4,4.71621880998081,-0.683781190019194,7.9,6.76621880998081,-1.13378119001919
252,Laviska Shenault Jr.,JAC,WR,0,0,0,23.5,0,0,2,6,36,0.5,MIA,3,24.5,256,3,1,0.5,128,0,0,0,0.18359375,0,0.244897959183673,0.140625,0.166666666666667,19.5,286,2,0,1.5,164,0,0,0,30.109375,0,4.77551020408163,40.21875,0.333333333333333,11.95,11.4205676020408,-0.529432397959184,14.95,13.8083227040816,-1.14167729591837
253,Cam Akers,LAR,RB,0,0,0,26,0,0,2,1,2,0,BUF,3,20,271,1.5,0.5,2,172,0,0,0,0.151162790697674,0,0.05,0.007380073800738,0,26,271.5,1.5,0.5,1,75.5,0,0,0,11.4127906976744,0,1.3,2.00369003690037,0,3.3,1.99164807345748,-1.30835192654252,3.8,2.64164807345748,-1.15835192654252
254,Kenyan Drake,ARI,RB,0,0,0,73,0.5,0,2,4,7,0,DET,3,26,258,1,1,2,170,0,0,0,0.429411764705882,0.25,0.153846153846154,0.027131782945737,0,19,241,2.5,0,1,204,0,0,0,87.6,0.25,2.92307692307692,6.53875968992248,0,13,12.3754144305307,-0.624585569469291,15,13.8369528920692,-1.16304710793083
255,Tyrod Taylor,LAC,QB,208,0,0,7,0,0,1,0,0,0,CAR,3,19,259.5,0.5,0.5,1,169,0.801541425818882,0,0,0.041420118343195,0,0,0,0,22.5,228,1,0.5,3,127.5,182.751445086705,0,0,5.2810650887574,0,0,0,0,9.02,7.83816431234395,-1.18183568765605,9.02,7.83816431234395,-1.18183568765605
256,Dan Arnold,ARI,TE,0,0,0,0,0,0,2,4,23.5,0,DET,3,26,258,1,1,2,170,0,0,0,0,0,0.153846153846154,0.09108527131783,0,19,241,2.5,0,1,204,0,0,0,0,0,2.92307692307692,21.9515503875969,0,4.35,3.65669350029815,-0.693306499701848,6.35,5.11823196183661,-1.23176803816339
257,Nick Mullens,SF,QB,71,0,1,-2,0,0,1,0,0,0,NYG,3,20.5,230.5,2,0.5,1,152.5,0.308026030368764,0,2,-0.013114754098361,0,0,0,0,19.5,209.5,2.5,1,0,138,64.531453362256,0,2,-1.80983606557377,0,0,0,0,1.64,0.400274527932862,-1.23972547206714,1.64,0.400274527932862,-1.23972547206714
258,Josh Malone,NYJ,WR,0,0,0,6,0,0,2,4,8,0,IND,3,21,197,1,0.5,0.5,78,0,0,0,0.076923076923077,0,0.190476190476191,0.040609137055838,0,15,143,1.5,1.5,0.5,85.5,0,0,0,6.57692307692308,0,2.85714285714286,5.80710659898477,0,3.4,2.66697439616221,-0.733025603837787,5.4,4.09554582473364,-1.30445417526636
259,Le'Veon Bell,NYJ,RB,0,0,0,14,0,0,1,2,32,0,IND,3,21,197,1,0.5,0.5,78,0,0,0,0.179487179487179,0,0.095238095238095,0.16243654822335,0,15,143,1.5,1.5,0.5,85.5,0,0,0,15.3461538461538,0,1.42857142857143,23.2284263959391,0,5.6,4.57174373849501,-1.02825626150499,6.6,5.28602945278072,-1.31397054721928
260,Eric Ebron,PIT,TE,0,0,0,0,0,0,2,4,30.5,0,HOU,3,25,270,2.5,0.5,0.5,125,0,0,0,0,0,0.16,0.112962962962963,0,21,207.5,2,0,1,198,0,0,0,0,0,3.36,23.4398148148148,0,5.05,4.02398148148148,-1.02601851851852,7.05,5.70398148148148,-1.34601851851852
261,Quintez Cephus,DET,WR,0,0,0,0,0,0,2,6,48.5,0,ARI,3,22,270.5,1.5,1,1,113.5,0,0,0,0,0,0.272727272727273,0.179297597042514,0,19,241,1.5,0,0.5,120,0,0,0,0,0,5.18181818181818,43.2107208872458,0,7.85,6.91198117963368,-0.938018820366326,10.85,9.50289027054277,-1.34710972945724
262,Kerryon Johnson,DET,RB,0,0,0,23,0.5,0,2,0,0,0,ARI,3,22,270.5,1.5,1,1,113.5,0,0,0,0.202643171806167,0.5,0,0,0,19,241,1.5,0,0.5,120,0,0,0,24.3171806167401,0.25,0,0,0,5.3,3.93171806167401,-1.36828193832599,5.3,3.93171806167401,-1.36828193832599
263,Tee Higgins,CIN,WR,0,0,0,0,0,0,2,3,17.5,0,PHI,3,30,254.5,1.5,0.5,0.5,95,0,0,0,0,0,0.1,0.068762278978389,0,18.5,222.5,2,0,2,135.5,0,0,0,0,0,1.85,15.2996070726916,0,3.25,2.45496070726916,-0.795039292730845,4.75,3.37996070726916,-1.37003929273084
264,Golden Tate,NYG,WR,0,0,0,0,0,0,1,5,47,0,SF,3,25.5,260,1,1.5,0.5,52,0,0,0,0,0,0.196078431372549,0.180769230769231,0,23.5,204.5,1,0.5,1,142,0,0,0,0,0,4.6078431372549,36.9673076923077,0,7.2,6.00065233785822,-1.19934766214178,9.7,8.30457390648567,-1.39542609351433
265,Evan Engram,NYG,TE,0,0,0,0,0,0,2,8,37,0,SF,3,25.5,260,1,1.5,0.5,52,0,0,0,0,0,0.313725490196078,0.142307692307692,0,23.5,204.5,1,0.5,1,142,0,0,0,0,0,7.37254901960784,29.1019230769231,0,7.7,6.59646681749623,-1.10353318250377,11.7,10.2827413273002,-1.41725867269985
266,Ezekiel Elliott,DAL,RB,0,0,0,92.5,1,1,2,9,32,0.5,SEA,3,29.5,358,1,0,2.5,130.5,0,0,0,0.708812260536398,0.4,0.305084745762712,0.089385474860335,0.5,33.5,423.5,1.5,1,1.5,69.5,0,0,0,49.2624521072797,0.6,10.2203389830508,37.854748603352,0.75,23.95,21.9218895625886,-2.02811043741141,28.45,27.032059054114,-1.41794094588598
267,Marquez Valdes-Scantling,GB,WR,0,0,0,0,0,0,2,7,80,0.5,NO,3,25,302,3,0,1.5,208.5,0,0,0,0,0,0.28,0.264900662251656,0.166666666666667,25.5,260.5,2.5,1,1,101,0,0,0,0,0,7.14,69.0066225165563,0.416666666666667,14.5,12.9706622516556,-1.52933774834437,18,16.5406622516556,-1.45933774834437
268,Isaiah McKenzie,BUF,WR,0,0,0,0,0,0,2,5,32,0,LAR,3,28.5,364.5,3,0,0.5,104.5,0,0,0,0,0,0.175438596491228,0.087791495198903,0,25.5,254,0.5,1,1.5,128.5,0,0,0,0,0,4.47368421052632,22.2990397805213,0,5.7,4.46674608331528,-1.23325391668472,8.2,6.70358818857844,-1.49641181142156
269,Kareem Hunt,CLE,RB,0,0,0,79,0.5,0,2,6,12,0.5,WAS,3,18.5,204,1.5,1,1.5,176.5,0,0,0,0.447592067988669,0.333333333333333,0.324324324324324,0.058823529411765,0.333333333333333,25,278,1.5,1.5,1,108.5,0,0,0,48.5637393767705,0.333333333333333,8.10810810810811,16.3529411764706,0.5,18.1,15.5457221093782,-2.55427789062183,21.1,19.5997761634322,-1.50022383656777
270,Danny Amendola,DET,WR,0,0,0,0,0,0,2,7,51,0,ARI,3,22,270.5,1.5,1,1,113.5,0,0,0,0,0,0.318181818181818,0.188539741219963,0,19,241,1.5,0,0.5,120,0,0,0,0,0,6.04545454545455,45.4380776340111,0,8.6,7.56653503612838,-1.03346496387162,12.1,10.5892623088557,-1.51073769114435
271,Marvin Jones Jr.,DET,WR,0,0,0,0,0,0,2,8,39,0.5,ARI,3,22,270.5,1.5,1,1,113.5,0,0,0,0,0,0.363636363636364,0.144177449168207,0.333333333333333,19,241,1.5,0,0.5,120,0,0,0,0,0,6.90909090909091,34.7467652495379,0.5,10.9,9.92922197949924,-0.970778020500756,14.9,13.3837674340447,-1.5162325659553
272,Mike Davis,CAR,RB,0,0,0,0.5,0,0,2,8,37,0,LAC,3,27.5,318,0.5,1,2,108,0,0,0,0.00462962962963,0,0.290909090909091,0.116352201257862,0,25,247.5,1,0.5,0.5,123.5,0,0,0,0.571759259259259,0,7.27272727272727,28.7971698113208,0,7.75,6.57325654342164,-1.17674345657836,11.75,10.2096201797853,-1.54037982021473
273,Tyler Eifert,JAC,TE,0,0,0,0,0,0,2,4,22,0.5,MIA,3,24.5,256,3,1,0.5,128,0,0,0,0,0,0.163265306122449,0.0859375,0.166666666666667,19.5,286,2,0,1.5,164,0,0,0,0,0,3.18367346938775,24.578125,0.333333333333333,7.2,6.04964923469388,-1.15035076530612,9.2,7.64148596938776,-1.55851403061224
274,Allen Lazard,GB,WR,0,0,0,9.5,0,0,2,7,54,0.5,NO,3,25,302,3,0,1.5,208.5,0,0,0,0.045563549160672,0,0.28,0.178807947019868,0.166666666666667,25.5,260.5,2.5,1,1,101,0,0,0,4.60191846522782,0,7.14,46.5794701986755,0.416666666666667,12.85,11.1881388663903,-1.66186113360967,16.35,14.7581388663903,-1.59186113360967
275,Mike Thomas,CIN,WR,0,0,0,0,0,0,2,6,24,0.5,PHI,3,30,254.5,1.5,0.5,0.5,95,0,0,0,0,0,0.2,0.094302554027505,0.333333333333333,18.5,222.5,2,0,2,135.5,0,0,0,0,0,3.7,20.9823182711198,0.666666666666667,8.4,7.94823182711198,-0.451768172888016,11.4,9.79823182711198,-1.60176817288802
276,Austin Ekeler,LAC,RB,0,0,0,88.5,0,0,2,5,29,0,CAR,3,19,259.5,0.5,0.5,1,169,0,0,0,0.523668639053254,0,0.263157894736842,0.111753371868979,0,22.5,228,1,0.5,3,127.5,0,0,0,66.7677514792899,0,5.92105263157895,25.4797687861272,0,14.25,12.1852783423312,-2.06472165766881,16.75,15.1458046581207,-1.60419534187934
277,Chris Thompson,JAC,RB,0,0,0,3.5,0,0,2,5,13,0.5,MIA,3,24.5,256,3,1,0.5,128,0,0,0,0.02734375,0,0.204081632653061,0.05078125,0.166666666666667,19.5,286,2,0,1.5,164,0,0,0,4.484375,0,3.97959183673469,14.5234375,0.333333333333333,7.15,5.89057716836735,-1.25942283163265,9.65,7.88037308673469,-1.76962691326531
278,D.J. Chark Jr.,JAC,WR,0,0,0,0,0,0,2,7,54.5,0.5,MIA,3,24.5,256,3,1,0.5,128,0,0,0,0,0,0.285714285714286,0.212890625,0.166666666666667,19.5,286,2,0,1.5,164,0,0,0,0,0,5.57142857142857,60.88671875,0.333333333333333,11.95,10.8743861607143,-1.07561383928571,15.45,13.6601004464286,-1.78989955357143
279,Breshad Perriman,NYJ,WR,0,0,0,0,0,0,2,5,14.5,0,IND,3,21,197,1,0.5,0.5,78,0,0,0,0,0,0.238095238095238,0.073604060913706,0,15,143,1.5,1.5,0.5,85.5,0,0,0,0,0,3.57142857142857,10.5253807106599,0,3.95,2.83825235678028,-1.11174764321972,6.45,4.62396664249456,-1.82603335750544
280,Mark Andrews,BAL,TE,0,0,0,0,0,0,2,6,43.5,1,KC,3,19.5,244,2,0,1.5,170.5,0,0,0,0,0,0.307692307692308,0.17827868852459,0.5,21,282,1,1,1.5,150.5,0,0,0,0,0,6.46153846153846,50.2745901639344,0.5,13.35,11.2582282471627,-2.09177175283733,16.35,14.4889974779319,-1.8610025220681
281,T.J. Hockenson,DET,TE,0,0,0,0,0,0,2,9,59,0.5,ARI,3,22,270.5,1.5,1,1,113.5,0,0,0,0,0,0.409090909090909,0.2181146025878,0.333333333333333,19,241,1.5,0,0.5,120,0,0,0,0,0,7.77272727272727,52.5656192236599,0.5,13.4,12.1429255587296,-1.25707444127037,17.9,16.0292891950933,-1.87071080490674
282,Davante Adams,GB,WR,0,0,0,0,0,0,2,17,96,1,NO,3,25,302,3,0,1.5,208.5,0,0,0,0,0,0.68,0.317880794701987,0.333333333333333,25.5,260.5,2.5,1,1,101,0,0,0,0,0,17.34,82.8079470198676,0.833333333333333,24.1,21.9507947019868,-2.14920529801325,32.6,30.6207947019868,-1.97920529801325
283,James Washington,PIT,WR,0,0,0,0,0,0,2,5,28,0.5,HOU,3,25,270,2.5,0.5,0.5,125,0,0,0,0,0,0.2,0.103703703703704,0.2,21,207.5,2,0,1,198,0,0,0,0,0,4.2,21.5185185185185,0.4,8.3,6.65185185185185,-1.64814814814815,10.8,8.75185185185185,-2.04814814814815
284,Leonard Fournette,TB,RB,0,0,0,54,1,0,2,5,13.5,0,DEN,3,23,228,1.5,1.5,2,104,0,0,0,0.519230769230769,0.5,0.217391304347826,0.05921052631579,0,29,280,2,0.5,0.5,119.5,0,0,0,62.0480769230769,0.25,6.30434782608696,16.5789473684211,0,15.25,12.5148763421933,-2.73512365780672,17.75,15.6670502552368,-2.08294974476324
285,Sam Darnold,NYJ,QB,197,1,1,6.5,0,0,2,0,0,0,IND,3,21,197,1,0.5,0.5,78,1,1,2,0.083333333333333,0,0,0,0,15,143,1.5,1.5,0.5,85.5,143,1.5,3,7.125,0,0,0,0,11.53,9.4325,-2.0975,11.53,9.4325,-2.0975
286,Peyton Barber,WAS,RB,0,0,0,15,1,0,2,0,0,0,CLE,3,18,200.5,1,0,1.5,98.5,0,0,0,0.152284263959391,0.666666666666667,0,0,0,29,300,3,0,1,89.5,0,0,0,13.6294416243655,0.666666666666667,0,0,0,7.5,5.36294416243655,-2.13705583756345,7.5,5.36294416243655,-2.13705583756345
287,DeAndre Hopkins,ARI,WR,0,0,0,0,0,0,2,22,109.5,0.5,DET,3,26,258,1,1,2,170,0,0,0,0,0,0.846153846153846,0.424418604651163,0.5,19,241,2.5,0,1,204,0,0,0,0,0,16.0769230769231,102.28488372093,1.25,24.95,25.7669499105546,0.816949910554559,35.95,33.8054114490161,-2.1445885509839
288,Darius Slayton,NYG,WR,0,0,0,0,0,0,2,9,67.5,1,SF,3,25.5,260,1,1.5,0.5,52,0,0,0,0,0,0.352941176470588,0.259615384615385,1,23.5,204.5,1,0.5,1,142,0,0,0,0,0,8.29411764705882,53.0913461538462,1,17.25,15.456193438914,-1.79380656108597,21.75,19.6032522624434,-2.14674773755656
289,Jamison Crowder,NYJ,WR,0,0,0,0,0,0,1,7,115,1,IND,3,21,197,1,0.5,0.5,78,0,0,0,0,0,0.333333333333333,0.583756345177665,1,15,143,1.5,1.5,0.5,85.5,0,0,0,0,0,5,83.4771573604061,1.5,21,19.8477157360406,-1.15228426395939,24.5,22.3477157360406,-2.15228426395939
290,Freddie Swain,SEA,WR,0,0,0,0,0,0,2,2,19,0.5,DAL,3,26,305,4.5,0.5,0.5,119,0,0,0,0,0,0.076923076923077,0.062295081967213,0.111111111111111,22,274,2,0.5,1,133,0,0,0,0,0,1.69230769230769,17.0688524590164,0.222222222222222,5.9,3.88637242538882,-2.01362757461118,6.9,4.73252627154267,-2.16747372845734
291,Jamaal Williams,GB,RB,0,0,0,42,0,0,2,4,10.5,0,NO,3,25,302,3,0,1.5,208.5,0,0,0,0.201438848920863,0,0.16,0.03476821192053,0,25.5,260.5,2.5,1,1,101,0,0,0,20.3453237410072,0,4.08,9.05711920529801,0,7.25,4.98024429463052,-2.26975570536948,9.25,7.02024429463052,-2.22975570536948
292,Jeff Driskel,DEN,QB,256,2,1,5,0,0,1,0,0,0,TB,3,20.5,246,1.5,0.5,0.5,105.5,1.04065040650407,1.33333333333333,2,0.04739336492891,0,0,0,0,26,282.5,1,1,1.5,84.5,293.983739837398,1.33333333333333,2,4.00473933649289,0,0,0,0,17.74,15.4931568604786,-2.24684313952144,17.74,15.4931568604786,-2.24684313952144
293,Greg Olsen,SEA,TE,0,0,0,0,0,0,2,4,12,0.5,DAL,3,26,305,4.5,0.5,0.5,119,0,0,0,0,0,0.153846153846154,0.039344262295082,0.111111111111111,22,274,2,0.5,1,133,0,0,0,0,0,3.38461538461538,10.7803278688525,0.222222222222222,6.2,4.10367381252627,-2.09632618747373,8.2,5.79598150483396,-2.40401849516603
294,Greg Ward,PHI,WR,0,0,0,0,0,0,2,6,18,0,CIN,3,25,256,1,2,1,89,0,0,0,0,0,0.24,0.0703125,0,16,213.5,1,0.5,2,185,0,0,0,0,0,3.84,15.01171875,0,4.8,3.421171875,-1.378828125,7.8,5.341171875,-2.458828125
295,Zack Moss,BUF,RB,0,0,0,24,0,0,2,3,8,0.5,LAR,3,28.5,364.5,3,0,0.5,104.5,0,0,0,0.229665071770335,0,0.105263157894737,0.021947873799726,0.166666666666667,25.5,254,0.5,1,1.5,128.5,0,0,0,29.511961722488,0,2.68421052631579,5.57475994513032,0.083333333333333,7.7,5.35077742991973,-2.34922257008027,9.2,6.69288269307762,-2.50711730692237
296,Jalen Richard,LV,RB,0,0,0,13,0.5,0,2,1,7.5,0,NE,3,25,260.5,2,0,2,124.5,0,0,0,0.104417670682731,0.25,0.04,0.028790786948177,0,20.5,239.5,2.5,2,0.5,120.5,0,0,0,12.5823293172691,0.125,0.82,6.89539347408829,0,5.55,3.10777227913574,-2.44222772086426,6.05,3.51777227913574,-2.53222772086426
297,Diontae Johnson,PIT,WR,0,0,0,0,0,1,2,14,74.5,0.5,HOU,3,25,270,2.5,0.5,0.5,125,0,0,0,0,0,0.56,0.275925925925926,0.2,21,207.5,2,0,1,198,0,0,0,0,0,11.76,57.2546296296296,0.4,15.45,14.005462962963,-1.44453703703704,22.45,19.885462962963,-2.56453703703704
298,Nick Chubb,CLE,RB,0,0,0,92,1,1,2,2,7.5,0,WAS,3,18.5,204,1.5,1,1.5,176.5,0,0,0,0.521246458923513,0.666666666666667,0.108108108108108,0.036764705882353,0,25,278,1.5,1.5,1,108.5,0,0,0,56.5552407932011,0.666666666666667,2.7027027027027,10.2205882352941,0,14.95,12.0289342542009,-2.92106574579913,15.95,13.3802856055522,-2.56971439444778
299,Jalen Reagor,PHI,WR,0,0,0,0,0,0,2,5,48,0,CIN,3,25,256,1,2,1,89,0,0,0,0,0,0.2,0.1875,0,16,213.5,1,0.5,2,185,0,0,0,0,0,3.2,40.03125,0,7.3,5.603125,-1.696875,9.8,7.203125,-2.596875
300,C.J. Uzomah,CIN,TE,0,0,0,0,0,0,2,8,43.5,0.5,PHI,3,30,254.5,1.5,0.5,0.5,95,0,0,0,0,0,0.266666666666667,0.170923379174853,0.333333333333333,18.5,222.5,2,0,2,135.5,0,0,0,0,0,4.93333333333333,38.0304518664047,0.666666666666667,11.35,10.2697118533071,-1.08028814669286,15.35,12.7363785199738,-2.6136214800262
301,Reggie Gilliam,BUF,RB,0,0,0,0,0,0,2,1,0.5,0.5,LAR,3,28.5,364.5,3,0,0.5,104.5,0,0,0,0,0,0.035087719298246,0.001371742112483,0.166666666666667,25.5,254,0.5,1,1.5,128.5,0,0,0,0,0,0.894736842105263,0.348422496570645,0.083333333333333,3.55,0.982210670709696,-2.5677893292903,4.05,1.42957909176233,-2.62042090823767
302,Chase Claypool,PIT,WR,0,0,0,4,0,0,2,5,63.5,0.5,HOU,3,25,270,2.5,0.5,0.5,125,0,0,0,0.032,0,0.2,0.235185185185185,0.2,21,207.5,2,0,1,198,0,0,0,6.336,0,4.2,48.8009259259259,0.4,12.25,10.0136925925926,-2.23630740740741,14.75,12.1136925925926,-2.63630740740741
303,Cole Beasley,BUF,WR,0,0,0,0,0,0,2,9,64,0,LAR,3,28.5,364.5,3,0,0.5,104.5,0,0,0,0,0,0.31578947368421,0.175582990397805,0,25.5,254,0.5,1,1.5,128.5,0,0,0,0,0,8.05263157894737,44.5980795610425,0,10.9,8.48612374557794,-2.41387625442206,15.4,12.5124395350516,-2.88756046494838
304,David Moore,SEA,WR,0,0,0,6,0,0,2,6,38,0.5,DAL,3,26,305,4.5,0.5,0.5,119,0,0,0,0.050420168067227,0,0.230769230769231,0.124590163934426,0.111111111111111,22,274,2,0.5,1,133,0,0,0,6.70588235294118,0,5.07692307692308,34.1377049180328,0.222222222222222,10.4,7.95615359889227,-2.44384640110773,13.4,10.4946151373538,-2.90538486264619
305,Jordan Howard,MIA,RB,0,0,0,5.5,1,0,2,0,0,0,JAC,3,25.5,259.5,1,1.5,1,93,0,0,0,0.059139784946237,1,0,0,0,27,301,2.5,1,0.5,105.5,0,0,0,6.23924731182796,0.5,0,0,0,6.55,3.6239247311828,-2.9260752688172,6.55,3.6239247311828,-2.9260752688172
306,D'Andre Swift,DET,RB,0,0,0,10,0.5,0,2,8,37.5,0,ARI,3,22,270.5,1.5,1,1,113.5,0,0,0,0.088105726872247,0.5,0.363636363636364,0.138632162661738,0,19,241,1.5,0,0.5,120,0,0,0,10.5726872246696,0.25,6.90909090909091,33.4103512014787,0,11.75,9.35284929716029,-2.39715070283971,15.75,12.8073947517057,-2.94260524829425
307,Jerick McKinnon,SF,RB,0,0,0,50.5,0.5,0,2,3,10,0.5,NYG,3,20.5,230.5,2,0.5,1,152.5,0,0,0,0.331147540983607,0.5,0.146341463414634,0.043383947939263,0.25,19.5,209.5,2.5,1,0,138,0,0,0,45.6983606557377,0,2.85365853658537,9.08893709327549,0.625,13.55,10.655559043194,-2.894440956806,15.05,12.0823883114867,-2.96761168851332
308,DJ Moore,CAR,WR,0,0,0,0,0,0,2,12,87,0,LAC,3,27.5,318,0.5,1,2,108,0,0,0,0,0,0.436363636363636,0.273584905660377,0,25,247.5,1,0.5,0.5,123.5,0,0,0,0,0,10.9090909090909,67.7122641509434,0,14.7,12.2257718696398,-2.47422813036021,20.7,17.6803173241852,-3.01968267581476
309,Chris Hogan,NYJ,WR,0,0,0,0,0,0,2,7,37.5,0,IND,3,21,197,1,0.5,0.5,78,0,0,0,0,0,0.333333333333333,0.190355329949239,0,15,143,1.5,1.5,0.5,85.5,0,0,0,0,0,5,27.2208121827411,0,7.25,5.22208121827411,-2.02791878172589,10.75,7.72208121827411,-3.02791878172589
310,Sammy Watkins,KC,WR,0,0,0,1.5,0,0,2,8,46.5,0.5,BAL,3,25.5,256.5,2.5,0,0.5,145.5,0,0,0,0.010309278350516,0,0.313725490196078,0.181286549707602,0.2,23,232,1,1,0,94.5,0,0,0,0.974226804123711,0,7.2156862745098,42.0584795321637,0.2,11.8,9.11111377088365,-2.68888622911635,15.8,12.7189569081385,-3.08104309186145
311,Darren Waller,LV,TE,0,0,0,0,0,0,2,18,74,0.5,NE,3,25,260.5,2,0,2,124.5,0,0,0,0,0,0.72,0.284069097888676,0.25,20.5,239.5,2.5,2,0.5,120.5,0,0,0,0,0,14.76,68.0345489443378,0.625,19.4,17.9334548944338,-1.46654510556622,28.4,25.3134548944338,-3.08654510556622
312,Lamar Jackson,BAL,QB,239.5,2,0,49.5,0,0,2,0,0,0,KC,3,19.5,244,2,0,1.5,170.5,0.98155737704918,1,0,0.290322580645161,0,0,0,0,21,282,1,1,1.5,150.5,276.799180327869,1,0,43.6935483870968,0,0,0,0,22.53,19.4413220518244,-3.08867794817557,22.53,19.4413220518244,-3.08867794817557
313,Gabriel Davis,BUF,WR,0,0,0,0,0,0,2,3,11,0.5,LAR,3,28.5,364.5,3,0,0.5,104.5,0,0,0,0,0,0.105263157894737,0.030178326474623,0.166666666666667,25.5,254,0.5,1,1.5,128.5,0,0,0,0,0,2.68421052631579,7.66529492455418,0.083333333333333,5.6,2.60863475561331,-2.99136524438669,7.1,3.95074001877121,-3.14925998122879
314,Larry Fitzgerald,ARI,WR,0,0,0,0,0,0,2,11,42,0,DET,3,26,258,1,1,2,170,0,0,0,0,0,0.423076923076923,0.162790697674419,0,19,241,2.5,0,1,204,0,0,0,0,0,8.03846153846154,39.2325581395349,0,9.7,7.94248658318426,-1.75751341681574,15.2,11.961717352415,-3.23828264758497
315,Ben Roethlisberger,PIT,QB,270,2.5,1,3.5,0,0,2,0,0,0,HOU,3,25,270,2.5,0.5,0.5,125,1,1,2,0.028,0,0,0,0,21,207.5,2,0,1,198,207.5,2,0,5.544,0,0,0,0,20.15,16.8544,-3.2956,20.15,16.8544,-3.2956
316,Darrell Henderson,LAR,RB,0,0,0,43.5,0.5,0,2,2,20,0,BUF,3,20,271,1.5,0.5,2,172,0,0,0,0.252906976744186,0.25,0.1,0.07380073800738,0,26,271.5,1.5,0.5,1,75.5,0,0,0,19.094476744186,0.25,2.6,20.0369003690037,0,10.35,6.71313771131897,-3.63686228868103,11.35,8.01313771131897,-3.33686228868103
317,Zach Ertz,PHI,TE,0,0,0,0,0,0,2,8,30,0.5,CIN,3,25,256,1,2,1,89,0,0,0,0,0,0.32,0.1171875,0.5,16,213.5,1,0.5,2,185,0,0,0,0,0,5.12,25.01953125,0.5,10,8.061953125,-1.938046875,14,10.621953125,-3.378046875
318,Drew Sample,CIN,TE,0,0,0,0,0,0,2,8,26,0,PHI,3,30,254.5,1.5,0.5,0.5,95,0,0,0,0,0,0.266666666666667,0.102161100196464,0,18.5,222.5,2,0,2,135.5,0,0,0,0,0,4.93333333333333,22.7308447937132,0,6.6,4.73975114603798,-1.86024885396202,10.6,7.20641781270465,-3.39358218729535
319,Giovani Bernard,CIN,RB,0,0,0,5,0,0,2,9,21.5,0,PHI,3,30,254.5,1.5,0.5,0.5,95,0,0,0,0.052631578947369,0,0.3,0.084479371316307,0,18.5,222.5,2,0,2,135.5,0,0,0,7.13157894736842,0,5.55,18.7966601178782,0,7.15,5.36782390652466,-1.78217609347534,11.65,8.14282390652466,-3.50717609347534
320,Josh Allen,BUF,QB,364.5,3,0,37.5,0.5,2,2,0,0,0,LAR,3,28.5,364.5,3,0,0.5,104.5,1,1,0,0.358851674641148,1,0,0,0,25.5,254,0.5,1,1.5,128.5,254,0.5,0,46.1124401913876,1.5,0,0,0,29.33,25.7712440191388,-3.55875598086124,29.33,25.7712440191388,-3.55875598086124
321,A.J. Green,CIN,WR,0,0,0,0,0,0,2,8,40,0,PHI,3,30,254.5,1.5,0.5,0.5,95,0,0,0,0,0,0.266666666666667,0.157170923379175,0,18.5,222.5,2,0,2,135.5,0,0,0,0,0,4.93333333333333,34.9705304518664,0,8,5.96371971185331,-2.03628028814669,12,8.43038637851997,-3.56961362148003
322,Keelan Cole,JAC,WR,0,0,0,0,0,0,2,11,52.5,1,MIA,3,24.5,256,3,1,0.5,128,0,0,0,0,0,0.448979591836735,0.205078125,0.333333333333333,19.5,286,2,0,1.5,164,0,0,0,0,0,8.75510204081633,58.65234375,0.666666666666667,16.75,14.2427853954082,-2.50721460459184,22.25,18.6203364158163,-3.62966358418367
323,Raheem Mostert,SF,RB,0,0,0,74,0.5,0,2,6,55,0.5,NYG,3,20.5,230.5,2,0.5,1,152.5,0,0,0,0.485245901639344,0.5,0.292682926829268,0.238611713665944,0.25,19.5,209.5,2.5,1,0,138,0,0,0,66.9639344262295,0,5.70731707317073,49.9891540130152,0.625,21.9,18.2989673805098,-3.60103261949016,24.9,21.1526259170952,-3.74737408290479
324,DeSean Jackson,PHI,WR,0,0,0,0,0,0,2,8,55,0,CIN,3,25,256,1,2,1,89,0,0,0,0,0,0.32,0.21484375,0,16,213.5,1,0.5,2,185,0,0,0,0,0,5.12,45.869140625,0,9.5,7.1469140625,-2.3530859375,13.5,9.7069140625,-3.7930859375
325,Tyler Boyd,CIN,WR,0,0,0,0,0,0,2,11,52.5,0.5,PHI,3,30,254.5,1.5,0.5,0.5,95,0,0,0,0,0,0.366666666666667,0.206286836935167,0.333333333333333,18.5,222.5,2,0,2,135.5,0,0,0,0,0,6.78333333333333,45.8988212180747,0.666666666666667,13.75,11.9815487884741,-1.76845121152587,19.25,15.3732154551408,-3.8767845448592
326,Aaron Rodgers,GB,QB,302,3,0,7,0,0,2,0,0,0,NO,3,25,302,3,0,1.5,208.5,1,1,0,0.033573141486811,0,0,0,0,25.5,260.5,2.5,1,1,101,260.5,2.5,0,3.39088729016787,0,0,0,0,24.78,20.7590887290168,-4.02091127098321,24.78,20.7590887290168,-4.02091127098321
327,David Johnson,HOU,RB,0,0,0,55.5,0.5,0,2,5,24,0,PIT,3,22.5,264,1,1,1,84.5,0,0,0,0.656804733727811,0.5,0.222222222222222,0.090909090909091,0,22.5,277.5,2,1.5,0,66.5,0,0,0,43.6775147928994,0,5,25.2272727272727,0,13.45,9.39047875201721,-4.05952124798279,15.95,11.8904787520172,-4.05952124798279
328,Julio Jones,ATL,WR,0,0,0,0,0,0,2,11,90.5,0,CHI,3,30.5,361.5,3,0.5,0.5,92.5,0,0,0,0,0,0.360655737704918,0.250345781466113,0,24.5,269,0.5,1,1,106.5,0,0,0,0,0,8.83606557377049,67.3430152143845,0,14.55,11.1523343083237,-3.3976656916763,20.05,15.5703670952089,-4.47963290479106
329,JuJu Smith-Schuster,PIT,WR,0,0,0,0,0,0,2,13,58.5,1,HOU,3,25,270,2.5,0.5,0.5,125,0,0,0,0,0,0.52,0.216666666666667,0.4,21,207.5,2,0,1,198,0,0,0,0,0,10.92,44.9583333333333,0.8,18.35,14.7558333333333,-3.59416666666667,24.85,20.2158333333333,-4.63416666666667
330,Tyler Lockett,SEA,WR,0,0,0,0,0,0,2,15,79.5,0.5,DAL,3,26,305,4.5,0.5,0.5,119,0,0,0,0,0,0.576923076923077,0.260655737704918,0.111111111111111,22,274,2,0.5,1,133,0,0,0,0,0,12.6923076923077,71.4196721311475,0.222222222222222,18.45,14.8214543926019,-3.62854560739806,25.95,21.1676082387558,-4.78239176124422
331,Dallas Goedert,PHI,TE,0,0,0,0,0,0,2,12,65.5,0.5,CIN,3,25,256,1,2,1,89,0,0,0,0,0,0.48,0.255859375,0.5,16,213.5,1,0.5,2,185,0,0,0,0,0,7.68,54.6259765625,0.5,15.55,12.30259765625,-3.24740234375,21.55,16.14259765625,-5.40740234375
332,Tyreek Hill,KC,WR,0,0,0,4.5,0,0,2,10,72.5,1,BAL,3,25.5,256.5,2.5,0,0.5,145.5,0,0,0,0.030927835051546,0,0.392156862745098,0.282651072124756,0.4,23,232,1,1,0,94.5,0,0,0,2.92268041237113,0,9.01960784313726,65.5750487329435,0.4,18.7,13.7595768361001,-4.94042316389991,23.7,18.2693807576687,-5.43061924233129
333,Hayden Hurst,ATL,TE,0,0,0,0,0,0,2,8,55,0.5,CHI,3,30.5,361.5,3,0.5,0.5,92.5,0,0,0,0,0,0.262295081967213,0.152143845089903,0.166666666666667,24.5,269,0.5,1,1,106.5,0,0,0,0,0,6.42622950819672,40.926694329184,0.083333333333333,12.5,7.80578418701676,-4.69421581298324,16.5,11.0188989411151,-5.48110105888488
334,D.K. Metcalf,SEA,WR,0,0,0,0,0,0,2,8,93.5,1,DAL,3,26,305,4.5,0.5,0.5,119,0,0,0,0,0,0.307692307692308,0.30655737704918,0.222222222222222,22,274,2,0.5,1,133,0,0,0,0,0,6.76923076923077,83.9967213114754,0.444444444444444,19.35,14.4509541824296,-4.89904581757041,23.35,17.835569567045,-5.51443043295502
335,Malcolm Brown,LAR,RB,0,0,0,63,1,0,2,3,15.5,0,BUF,3,20,271,1.5,0.5,2,172,0,0,0,0.366279069767442,0.5,0.15,0.05719557195572,0,26,271.5,1.5,0.5,1,75.5,0,0,0,27.6540697674419,0.5,3.9,15.5285977859779,0,15.35,9.26826675534197,-6.08173324465803,16.85,11.218266755342,-5.63173324465803
336,Travis Kelce,KC,TE,0,0,0,0,0,0,2,15,70,1,BAL,3,25.5,256.5,2.5,0,0.5,145.5,0,0,0,0,0,0.588235294117647,0.272904483430799,0.4,23,232,1,1,0,94.5,0,0,0,0,0,13.5294117647059,63.3138401559454,0.4,20.5,15.4960898979475,-5.00391010205252,28,22.2607957803004,-5.73920421969957
337,Chris Carson,SEA,RB,0,0,0,46.5,0,0,2,9,40.5,1.5,DAL,3,26,305,4.5,0.5,0.5,119,0,0,0,0.390756302521008,0,0.346153846153846,0.132786885245902,0.333333333333333,22,274,2,0.5,1,133,0,0,0,51.9705882352941,0,7.61538461538462,36.383606557377,0.666666666666667,22.2,16.6431117869594,-5.55688821304058,26.7,20.4508040946517,-6.24919590534827
338,Clyde Edwards-Helaire,KC,RB,0,0,0,88,0.5,0,2,6,16,0,BAL,3,25.5,256.5,2.5,0,0.5,145.5,0,0,0,0.604810996563574,1,0.235294117647059,0.062378167641326,0,23,232,1,1,0,94.5,0,0,0,57.1546391752577,0,5.41176470588235,14.4717348927875,0,16.4,9.8685197597457,-6.5314802402543,19.4,12.5744021126869,-6.82559788731312
339,Russell Gage,ATL,WR,0,0,0,0,0,0,2,15,80,0.5,CHI,3,30.5,361.5,3,0.5,0.5,92.5,0,0,0,0,0,0.491803278688525,0.221300138312586,0.166666666666667,24.5,269,0.5,1,1,106.5,0,0,0,0,0,12.0491803278689,59.5297372060857,0.083333333333333,18.5,12.477563884543,-6.022436115457,26,18.5021540484774,-7.49784595152257
340,Stefon Diggs,BUF,WR,0,0,0,0,0,0,2,16,119.5,0.5,LAR,3,28.5,364.5,3,0,0.5,104.5,0,0,0,0,0,0.56140350877193,0.327846364883402,0.166666666666667,25.5,254,0.5,1,1.5,128.5,0,0,0,0,0,14.3157894736842,83.2729766803841,0.083333333333333,22.95,15.9851924048805,-6.96480759511949,30.95,23.1430871417226,-7.80691285827739
341,Patrick Mahomes II,KC,QB,256.5,2.5,0,27,0,0,2,0,0,0,BAL,3,25.5,256.5,2.5,0,0.5,145.5,1,1,0,0.185567010309278,0,0,0,0,23,232,1,1,0,94.5,232,1,0,17.5360824742268,0,0,0,0,22.96,15.0336082474227,-7.92639175257732,22.96,15.0336082474227,-7.92639175257732
342,John Brown,BUF,WR,0,0,0,0,0,0,2,10,76,1,LAR,3,28.5,364.5,3,0,0.5,104.5,0,0,0,0,0,0.350877192982456,0.208504801097394,0.333333333333333,25.5,254,0.5,1,1.5,128.5,0,0,0,0,0,8.94736842105263,52.960219478738,0.166666666666667,18.6,10.7697061584001,-7.83029384159989,23.6,15.2433903689264,-8.35660963107357
343,Josh Jacobs,LV,RB,0,0,0,90.5,1.5,0,2,7,31.5,0,NE,3,25,260.5,2,0,2,124.5,0,0,0,0.726907630522088,0.75,0.28,0.120921305182342,0,20.5,239.5,2.5,2,0.5,120.5,0,0,0,87.5923694779116,0.375,5.74,28.9606525911708,0,24.7,16.7753022069082,-7.92469779309176,28.2,19.6453022069082,-8.55469779309176
344,Christian McCaffrey,CAR,RB,0,0,0,77.5,2,0,2,7,33.5,0,LAC,3,27.5,318,0.5,1,2,108,0,0,0,0.717592592592593,1,0.254545454545454,0.105345911949686,0,25,247.5,1,0.5,0.5,123.5,0,0,0,88.6226851851852,0.5,6.36363636363636,26.0731132075472,0,26.6,17.6513980210914,-8.94860197890858,30.1,20.8332162029096,-9.2667837970904
345,Aaron Jones,GB,RB,0,0,0,117,1.5,0,2,8,39,0.5,NO,3,25,302,3,0,1.5,208.5,0,0,0,0.561151079136691,1,0.32,0.129139072847682,0.166666666666667,25.5,260.5,2.5,1,1,101,0,0,0,56.6762589928057,1,8.16,33.6407284768212,0.416666666666667,31.6,21.6116987469627,-9.98830125303731,35.6,25.6916987469627,-9.90830125303731
346,Russell Wilson,SEA,QB,305,4.5,1,34,0,0,2,0,0,0,DAL,3,26,305,4.5,0.5,0.5,119,1,1,2,0.285714285714286,0,0,0,0,22,274,2,0.5,1,133,274,2,1,38,0,0,0,0,32.6,21.76,-10.84,32.6,21.76,-10.84
347,Matt Ryan,ATL,QB,361.5,3,1,7.5,0,0,2,0,0,0,CHI,3,30.5,361.5,3,0.5,0.5,92.5,1,1,2,0.081081081081081,0,0,0,0,24.5,269,0.5,1,1,106.5,269,0.5,2,8.63513513513514,0,0,0,0,26.21,11.6235135135135,-14.5864864864865,26.21,11.6235135135135,-14.5864864864865
348,Calvin Ridley,ATL,WR,0,0,0,-0.5,0,0,2,16,119.5,2,CHI,3,30.5,361.5,3,0.5,0.5,92.5,0,0,0,-0.005405405405405,0,0.524590163934426,0.330567081604426,0.666666666666667,24.5,269,0.5,1,1,106.5,0,0,0,-0.575675675675676,0,12.8524590163934,88.9225449515906,0.333333333333333,31.9,17.2609164357882,-14.6390835642118,39.9,23.6871459439849,-16.2128540560151
